{
"type": "FeatureCollection",
"name": "jalan",
"crs": { "type": "name", "properties": { "name": "urn:ogc:def:crs:OGC:1.3:CRS84" } },
"features": [
{ "type": "Feature", "properties": { "OBJECTID": 1, "NAMRJL": null, "KONRJL": 0, "MATRJL": 0, "FGSRJL": 0, "UTKRJL": 0, "TOLRJL": 0, "WLYRJL": 0, "AUTRJL": 0, "KLSRJL": 0, "SPCRJL": 0, "JPARJL": 0, "ARHRJL": 0, "STARJL": 0, "KLLRJL": null, "MEDRJL": 0, "LOCRJL": 0, "JARRJL": 0, "FCODE": null, "REMARK": "Jalan Lokal", "SRS_ID": null, "LCODE": "CA0080", "METADATA": null, "SHAPE_Leng": 0.00414664363, "Shape_Le_1": 323.32858989499999 }, "geometry": { "type": "MultiLineString", "coordinates": [ [ [ 110.377670317927937, -7.797280053519857, 107.755499999999302 ], [ 110.378283134396611, -7.797334871714264, 108.270000000004075 ], [ 110.378747191409985, -7.797356012885098, 108.330000000001746 ], [ 110.379143554197086, -7.797388966733172, 107.270000000004075 ], [ 110.379619934428078, -7.797411780282038, 106.820000000006985 ], [ 110.380249489414297, -7.797441936032353, 106.220000000001164 ], [ 110.380353098626841, -7.797405173590238, 106.220000000001164 ], [ 110.380581965436463, -7.797401712204785, 106.220000000001164 ], [ 110.380590773064938, -7.79740157855766, 106.220000000001164 ] ] ] } },
{ "type": "Feature", "properties": { "OBJECTID": 2, "NAMRJL": null, "KONRJL": 0, "MATRJL": 0, "FGSRJL": 0, "UTKRJL": 0, "TOLRJL": 0, "WLYRJL": 0, "AUTRJL": 0, "KLSRJL": 0, "SPCRJL": 0, "JPARJL": 0, "ARHRJL": 0, "STARJL": 0, "KLLRJL": null, "MEDRJL": 0, "LOCRJL": 0, "JARRJL": 0, "FCODE": null, "REMARK": "Jalan Lokal", "SRS_ID": null, "LCODE": "CA0080", "METADATA": null, "SHAPE_Leng": 0.00038278251, "Shape_Le_1": 42.3191958345 }, "geometry": { "type": "MultiLineString", "coordinates": [ [ [ 110.379665518049151, -7.778682717640157, 123.869999999995343 ], [ 110.379656531425127, -7.779065395131448, 123.869999999995343 ] ] ] } },
{ "type": "Feature", "properties": { "OBJECTID": 3, "NAMRJL": null, "KONRJL": 0, "MATRJL": 0, "FGSRJL": 0, "UTKRJL": 0, "TOLRJL": 0, "WLYRJL": 0, "AUTRJL": 0, "KLSRJL": 0, "SPCRJL": 0, "JPARJL": 0, "ARHRJL": 0, "STARJL": 0, "KLLRJL": null, "MEDRJL": 0, "LOCRJL": 0, "JARRJL": 0, "FCODE": null, "REMARK": "Jalan Lokal", "SRS_ID": null, "LCODE": "CA0080", "METADATA": null, "SHAPE_Leng": 0.00221861148, "Shape_Le_1": 244.70429395400001 }, "geometry": { "type": "MultiLineString", "coordinates": [ [ [ 110.36956565317135, -7.78598094041855, 113.509999999994761 ], [ 110.369819417562383, -7.785909543721264, 113.479999999995925 ], [ 110.371510238056288, -7.785284040548238, 114.970000000001164 ], [ 110.371653942628228, -7.785233953587213, 115.75 ] ] ] } },
{ "type": "Feature", "properties": { "OBJECTID": 4, "NAMRJL": null, "KONRJL": 0, "MATRJL": 0, "FGSRJL": 0, "UTKRJL": 0, "TOLRJL": 0, "WLYRJL": 0, "AUTRJL": 0, "KLSRJL": 0, "SPCRJL": 0, "JPARJL": 0, "ARHRJL": 0, "STARJL": 0, "KLLRJL": null, "MEDRJL": 0, "LOCRJL": 0, "JARRJL": 0, "FCODE": null, "REMARK": "Jalan Lokal", "SRS_ID": null, "LCODE": "CA0080", "METADATA": null, "SHAPE_Leng": 0.00055206437, "Shape_Le_1": 61.023657098800001 }, "geometry": { "type": "MultiLineString", "coordinates": [ [ [ 110.388289044285514, -7.792437091870576, 109.789999999993597 ], [ 110.388430334385376, -7.791903414343951, 111.059999999997672 ] ] ] } },
{ "type": "Feature", "properties": { "OBJECTID": 5, "NAMRJL": null, "KONRJL": 0, "MATRJL": 0, "FGSRJL": 0, "UTKRJL": 0, "TOLRJL": 0, "WLYRJL": 0, "AUTRJL": 0, "KLSRJL": 0, "SPCRJL": 0, "JPARJL": 0, "ARHRJL": 0, "STARJL": 0, "KLLRJL": null, "MEDRJL": 0, "LOCRJL": 0, "JARRJL": 0, "FCODE": null, "REMARK": "Jalan Lokal", "SRS_ID": null, "LCODE": "CA0080", "METADATA": null, "SHAPE_Leng": 0.00071783019, "Shape_Le_1": 79.1522292585 }, "geometry": { "type": "MultiLineString", "coordinates": [ [ [ 110.387708313449494, -7.787272044849067, 116.827999999994063 ], [ 110.387398690580795, -7.787237289355954, 116.860000000000582 ], [ 110.386995431761989, -7.78718797126424, 117.020000000004075 ] ] ] } },
{ "type": "Feature", "properties": { "OBJECTID": 6, "NAMRJL": null, "KONRJL": 0, "MATRJL": 0, "FGSRJL": 0, "UTKRJL": 0, "TOLRJL": 0, "WLYRJL": 0, "AUTRJL": 0, "KLSRJL": 0, "SPCRJL": 0, "JPARJL": 0, "ARHRJL": 0, "STARJL": 0, "KLLRJL": null, "MEDRJL": 0, "LOCRJL": 0, "JARRJL": 0, "FCODE": null, "REMARK": "Jalan Lokal", "SRS_ID": null, "LCODE": "CA0080", "METADATA": null, "SHAPE_Leng": 0.0008700662, "Shape_Le_1": 95.943564708400004 }, "geometry": { "type": "MultiLineString", "coordinates": [ [ [ 110.373171449098564, -7.786905667302113, 115.129000000000815 ], [ 110.373138935448551, -7.786905800135457, 115.089999999996508 ], [ 110.373066580423639, -7.786905883102389, 115.089999999996508 ], [ 110.372517925799457, -7.786928977738658, 115.148499999995693 ], [ 110.372315549601964, -7.787004639100952, 114.970000000001164 ] ] ] } },
{ "type": "Feature", "properties": { "OBJECTID": 7, "NAMRJL": null, "KONRJL": 0, "MATRJL": 0, "FGSRJL": 0, "UTKRJL": 0, "TOLRJL": 0, "WLYRJL": 0, "AUTRJL": 0, "KLSRJL": 0, "SPCRJL": 0, "JPARJL": 0, "ARHRJL": 0, "STARJL": 0, "KLLRJL": null, "MEDRJL": 0, "LOCRJL": 0, "JARRJL": 0, "FCODE": null, "REMARK": "Jalan Lokal", "SRS_ID": null, "LCODE": "CA0080", "METADATA": null, "SHAPE_Leng": 0.00509997087, "Shape_Le_1": 339.318114127 }, "geometry": { "type": "MultiLineString", "coordinates": [ [ [ 110.383265139616384, -7.783041045790671, 120.119999999995343 ], [ 110.383277392154142, -7.782916946200263, 121.639999999999418 ], [ 110.38331105535157, -7.782353464847176, 122.580000000001746 ], [ 110.383333966718482, -7.781985578040498, 122.919999999998254 ], [ 110.383476860318581, -7.781514416317885, 123.009999999994761 ], [ 110.383488466869323, -7.781484765122546, 123.009999999994761 ], [ 110.383520892588962, -7.7814390347819, 123.009999999994761 ], [ 110.383720940577462, -7.781134422745727, 123.19999999999709 ], [ 110.383794152908692, -7.781050336903507, 123.229999999995925 ], [ 110.38394441230713, -7.78099996561793, 123.630000000004657 ], [ 110.384029734050102, -7.780969743038443, 123.880000000004657 ], [ 110.384093399344195, -7.780864396239777, 124.029999999998836 ], [ 110.384179235438211, -7.780618990447681, 124.490000000005239 ], [ 110.384286401313773, -7.780312597952372, 125.06590000000142 ] ] ] } },
{ "type": "Feature", "properties": { "OBJECTID": 8, "NAMRJL": null, "KONRJL": 0, "MATRJL": 0, "FGSRJL": 0, "UTKRJL": 0, "TOLRJL": 0, "WLYRJL": 0, "AUTRJL": 0, "KLSRJL": 0, "SPCRJL": 0, "JPARJL": 0, "ARHRJL": 0, "STARJL": 0, "KLLRJL": null, "MEDRJL": 0, "LOCRJL": 0, "JARRJL": 0, "FCODE": null, "REMARK": "Jalan Arteri", "SRS_ID": null, "LCODE": "CA0080", "METADATA": null, "SHAPE_Leng": 0.0030995338, "Shape_Le_1": 341.76671946900001 }, "geometry": { "type": "MultiLineString", "coordinates": [ [ [ 110.379231865152789, -7.782988842606692, 120.679999999993015 ], [ 110.379233223971156, -7.782996071656252, 120.564499999993131 ], [ 110.379569450194609, -7.78298808825791, 120.679999999993015 ], [ 110.379641157701826, -7.782990056427332, 120.679999999993015 ], [ 110.381074555736745, -7.783041581890829, 122.879199999995762 ], [ 110.381158782435534, -7.783041704772732, 122.788100000005215 ], [ 110.381393093310336, -7.783039873889086, 122.608399999997346 ], [ 110.381614353415387, -7.783038145055868, 122.438699999998789 ], [ 110.381767518408893, -7.783034958290692, 122.187999999994645 ], [ 110.382179408948701, -7.783027282081839, 120.429999999993015 ], [ 110.382324233567715, -7.783028026647804, 120.567999999999302 ] ] ] } },
{ "type": "Feature", "properties": { "OBJECTID": 9, "NAMRJL": null, "KONRJL": 0, "MATRJL": 0, "FGSRJL": 0, "UTKRJL": 0, "TOLRJL": 0, "WLYRJL": 0, "AUTRJL": 0, "KLSRJL": 0, "SPCRJL": 0, "JPARJL": 0, "ARHRJL": 0, "STARJL": 0, "KLLRJL": null, "MEDRJL": 0, "LOCRJL": 0, "JARRJL": 0, "FCODE": null, "REMARK": "Jalan Lokal", "SRS_ID": null, "LCODE": "CA0080", "METADATA": null, "SHAPE_Leng": 0.00093057007, "Shape_Le_1": 102.87981213 }, "geometry": { "type": "MultiLineString", "coordinates": [ [ [ 110.372315549601964, -7.787004639100952, 114.970000000001164 ], [ 110.372314086423941, -7.787073696422522, 114.880000000004657 ], [ 110.37225475442574, -7.787933148172561, 113.759999999994761 ] ] ] } },
{ "type": "Feature", "properties": { "OBJECTID": 10, "NAMRJL": null, "KONRJL": 0, "MATRJL": 0, "FGSRJL": 0, "UTKRJL": 0, "TOLRJL": 0, "WLYRJL": 0, "AUTRJL": 0, "KLSRJL": 0, "SPCRJL": 0, "JPARJL": 0, "ARHRJL": 0, "STARJL": 0, "KLLRJL": null, "MEDRJL": 0, "LOCRJL": 0, "JARRJL": 0, "FCODE": null, "REMARK": "Jalan Lokal", "SRS_ID": null, "LCODE": "CA0080", "METADATA": null, "SHAPE_Leng": 0.00096126819, "Shape_Le_1": 98.254458001100005 }, "geometry": { "type": "MultiLineString", "coordinates": [ [ [ 110.369015554835229, -7.789931121912222, 105.521500000002561 ], [ 110.369044951002095, -7.789810770700257, 105.839999999996508 ], [ 110.369094222282286, -7.789715508554935, 106.25 ], [ 110.369559407228962, -7.789552113331432, 106.869999999995343 ], [ 110.369687745606882, -7.78949889280406, 107.580000000001746 ], [ 110.369713994113923, -7.789491623384886, 107.775399999998626 ] ] ] } },
{ "type": "Feature", "properties": { "OBJECTID": 11, "NAMRJL": null, "KONRJL": 0, "MATRJL": 0, "FGSRJL": 0, "UTKRJL": 0, "TOLRJL": 0, "WLYRJL": 0, "AUTRJL": 0, "KLSRJL": 0, "SPCRJL": 0, "JPARJL": 0, "ARHRJL": 0, "STARJL": 0, "KLLRJL": null, "MEDRJL": 0, "LOCRJL": 0, "JARRJL": 0, "FCODE": null, "REMARK": "Jalan Lokal", "SRS_ID": null, "LCODE": "CA0080", "METADATA": null, "SHAPE_Leng": 0.00384678024, "Shape_Le_1": 42.153328503300003 }, "geometry": { "type": "MultiLineString", "coordinates": [ [ [ 110.382574622447677, -7.780619770196412, 123.740000000005239 ], [ 110.382642120978744, -7.780244477930671, 124.260200000004261 ] ] ] } },
{ "type": "Feature", "properties": { "OBJECTID": 12, "NAMRJL": null, "KONRJL": 0, "MATRJL": 0, "FGSRJL": 0, "UTKRJL": 0, "TOLRJL": 0, "WLYRJL": 0, "AUTRJL": 0, "KLSRJL": 0, "SPCRJL": 0, "JPARJL": 0, "ARHRJL": 0, "STARJL": 0, "KLLRJL": null, "MEDRJL": 0, "LOCRJL": 0, "JARRJL": 0, "FCODE": null, "REMARK": "Jalan Lokal", "SRS_ID": null, "LCODE": "CA0080", "METADATA": null, "SHAPE_Leng": 0.00075225322, "Shape_Le_1": 83.132269992900007 }, "geometry": { "type": "MultiLineString", "coordinates": [ [ [ 110.368952111055549, -7.788542308649097, 108.30000000000291 ], [ 110.368909141049997, -7.788402615267106, 108.30000000000291 ], [ 110.368830045559619, -7.788234222223643, 108.330000000001746 ], [ 110.368664911081282, -7.787883034988258, 107.639999999999418 ], [ 110.368659398756535, -7.78785153169563, 107.580000000001746 ] ] ] } },
{ "type": "Feature", "properties": { "OBJECTID": 13, "NAMRJL": null, "KONRJL": 0, "MATRJL": 0, "FGSRJL": 0, "UTKRJL": 0, "TOLRJL": 0, "WLYRJL": 0, "AUTRJL": 0, "KLSRJL": 0, "SPCRJL": 0, "JPARJL": 0, "ARHRJL": 0, "STARJL": 0, "KLLRJL": null, "MEDRJL": 0, "LOCRJL": 0, "JARRJL": 0, "FCODE": null, "REMARK": "Jalan Kolektor", "SRS_ID": null, "LCODE": "CA0080", "METADATA": null, "SHAPE_Leng": 0.00167599639, "Shape_Le_1": 185.26279076399999 }, "geometry": { "type": "MultiLineString", "coordinates": [ [ [ 110.372988818646206, -7.780071806563215, 122.349000000001979 ], [ 110.372898852614355, -7.780444179844343, 121.839999999996508 ], [ 110.3728527310098, -7.780661113231695, 121.679999999993015 ], [ 110.372669796646107, -7.781234782988778, 119.110000000000582 ], [ 110.372652299041732, -7.781322322949048, 118.820000000006985 ], [ 110.372611156063059, -7.781478317610835, 119.220000000001164 ], [ 110.372584651042089, -7.781695099043265, 119.220000000001164 ] ] ] } },
{ "type": "Feature", "properties": { "OBJECTID": 14, "NAMRJL": null, "KONRJL": 0, "MATRJL": 0, "FGSRJL": 0, "UTKRJL": 0, "TOLRJL": 0, "WLYRJL": 0, "AUTRJL": 0, "KLSRJL": 0, "SPCRJL": 0, "JPARJL": 0, "ARHRJL": 0, "STARJL": 0, "KLLRJL": null, "MEDRJL": 0, "LOCRJL": 0, "JARRJL": 0, "FCODE": null, "REMARK": "Jalan Lokal", "SRS_ID": null, "LCODE": "CA0080", "METADATA": null, "SHAPE_Leng": 0.00246018006, "Shape_Le_1": 271.277102039 }, "geometry": { "type": "MultiLineString", "coordinates": [ [ [ 110.393630574711608, -7.788457620247705, 113.759999999994761 ], [ 110.393228022890128, -7.788481963640156, 113.639999999999418 ], [ 110.391856468847863, -7.788502483569673, 114.5 ], [ 110.391359894385786, -7.788439197445468, 114.850000000005821 ], [ 110.391211598979041, -7.788403030030429, 114.850000000005821 ], [ 110.391218944713813, -7.788371934308061, 114.850000000005821 ] ] ] } },
{ "type": "Feature", "properties": { "OBJECTID": 15, "NAMRJL": null, "KONRJL": 0, "MATRJL": 0, "FGSRJL": 0, "UTKRJL": 0, "TOLRJL": 0, "WLYRJL": 0, "AUTRJL": 0, "KLSRJL": 0, "SPCRJL": 0, "JPARJL": 0, "ARHRJL": 0, "STARJL": 0, "KLLRJL": null, "MEDRJL": 0, "LOCRJL": 0, "JARRJL": 0, "FCODE": null, "REMARK": "Jalan Lokal", "SRS_ID": null, "LCODE": "CA0080", "METADATA": null, "SHAPE_Leng": 0.00040487439, "Shape_Le_1": 44.759738128499997 }, "geometry": { "type": "MultiLineString", "coordinates": [ [ [ 110.387708313449494, -7.787272044849067, 116.827999999994063 ], [ 110.387735774608302, -7.787478729888174, 116.210000000006403 ], [ 110.387758255423549, -7.787673811857673, 115.990000000005239 ] ] ] } },
{ "type": "Feature", "properties": { "OBJECTID": 16, "NAMRJL": null, "KONRJL": 0, "MATRJL": 0, "FGSRJL": 0, "UTKRJL": 0, "TOLRJL": 0, "WLYRJL": 0, "AUTRJL": 0, "KLSRJL": 0, "SPCRJL": 0, "JPARJL": 0, "ARHRJL": 0, "STARJL": 0, "KLLRJL": null, "MEDRJL": 0, "LOCRJL": 0, "JARRJL": 0, "FCODE": null, "REMARK": "Jalan Lokal", "SRS_ID": null, "LCODE": "CA0080", "METADATA": null, "SHAPE_Leng": 0.00069731017, "Shape_Le_1": 76.8883484662 }, "geometry": { "type": "MultiLineString", "coordinates": [ [ [ 110.377026998756776, -7.779241650155923, 124.899999999994179 ], [ 110.376329769575392, -7.779231011158301, 124.899999999994179 ] ] ] } },
{ "type": "Feature", "properties": { "OBJECTID": 17, "NAMRJL": null, "KONRJL": 0, "MATRJL": 0, "FGSRJL": 0, "UTKRJL": 0, "TOLRJL": 0, "WLYRJL": 0, "AUTRJL": 0, "KLSRJL": 0, "SPCRJL": 0, "JPARJL": 0, "ARHRJL": 0, "STARJL": 0, "KLLRJL": null, "MEDRJL": 0, "LOCRJL": 0, "JARRJL": 0, "FCODE": null, "REMARK": "Jalan Lokal", "SRS_ID": null, "LCODE": "CA0080", "METADATA": null, "SHAPE_Leng": 0.00119394618, "Shape_Le_1": 131.98120690600001 }, "geometry": { "type": "MultiLineString", "coordinates": [ [ [ 110.387230022724893, -7.786024445412203, 118.380000000004657 ], [ 110.387222620711839, -7.786056661661672, 118.320000000006985 ], [ 110.387124217401535, -7.786313464866682, 117.639999999999418 ], [ 110.387027312985438, -7.786774410060357, 117.360000000000582 ], [ 110.387007475669549, -7.787075774622844, 117.240000000005239 ], [ 110.386995431761989, -7.78718797126424, 117.020000000004075 ] ] ] } },
{ "type": "Feature", "properties": { "OBJECTID": 18, "NAMRJL": null, "KONRJL": 0, "MATRJL": 0, "FGSRJL": 0, "UTKRJL": 0, "TOLRJL": 0, "WLYRJL": 0, "AUTRJL": 0, "KLSRJL": 0, "SPCRJL": 0, "JPARJL": 0, "ARHRJL": 0, "STARJL": 0, "KLLRJL": null, "MEDRJL": 0, "LOCRJL": 0, "JARRJL": 0, "FCODE": null, "REMARK": "Jalan Lokal", "SRS_ID": null, "LCODE": "CA0080", "METADATA": null, "SHAPE_Leng": 0.00094195653, "Shape_Le_1": 103.86266442500001 }, "geometry": { "type": "MultiLineString", "coordinates": [ [ [ 110.384960372213186, -7.784433636835961, 120.221999999994296 ], [ 110.384917846747527, -7.784433403308546, 120.190000000002328 ], [ 110.384520819573694, -7.784440208175515, 120.220000000001164 ], [ 110.384173646627431, -7.784447953394062, 120.05000000000291 ], [ 110.384018602260355, -7.784451527201506, 119.600000000005821 ] ] ] } },
{ "type": "Feature", "properties": { "OBJECTID": 19, "NAMRJL": null, "KONRJL": 0, "MATRJL": 0, "FGSRJL": 0, "UTKRJL": 0, "TOLRJL": 0, "WLYRJL": 0, "AUTRJL": 0, "KLSRJL": 0, "SPCRJL": 0, "JPARJL": 0, "ARHRJL": 0, "STARJL": 0, "KLLRJL": null, "MEDRJL": 0, "LOCRJL": 0, "JARRJL": 0, "FCODE": null, "REMARK": "Jalan Lokal", "SRS_ID": null, "LCODE": "CA0080", "METADATA": null, "SHAPE_Leng": 0.00061047151, "Shape_Le_1": 67.430487648099998 }, "geometry": { "type": "MultiLineString", "coordinates": [ [ [ 110.369790763658784, -7.7870478651082, 113.05000000000291 ], [ 110.369823535147233, -7.787093673056642, 112.979999999995925 ], [ 110.370147481176318, -7.78754327155467, 112.830000000001746 ] ] ] } },
{ "type": "Feature", "properties": { "OBJECTID": 20, "NAMRJL": null, "KONRJL": 0, "MATRJL": 0, "FGSRJL": 0, "UTKRJL": 0, "TOLRJL": 0, "WLYRJL": 0, "AUTRJL": 0, "KLSRJL": 0, "SPCRJL": 0, "JPARJL": 0, "ARHRJL": 0, "STARJL": 0, "KLLRJL": null, "MEDRJL": 0, "LOCRJL": 0, "JARRJL": 0, "FCODE": null, "REMARK": "Jalan Lokal", "SRS_ID": null, "LCODE": "CA0080", "METADATA": null, "SHAPE_Leng": 0.00071484552, "Shape_Le_1": 78.819441600299996 }, "geometry": { "type": "MultiLineString", "coordinates": [ [ [ 110.382480696076541, -7.792665186679367, 110.309999999997672 ], [ 110.382514577918613, -7.792666276250602, 110.350000000005821 ], [ 110.383195104929968, -7.792690160742741, 110.130000000004657 ] ] ] } },
{ "type": "Feature", "properties": { "OBJECTID": 21, "NAMRJL": null, "KONRJL": 0, "MATRJL": 0, "FGSRJL": 0, "UTKRJL": 0, "TOLRJL": 0, "WLYRJL": 0, "AUTRJL": 0, "KLSRJL": 0, "SPCRJL": 0, "JPARJL": 0, "ARHRJL": 0, "STARJL": 0, "KLLRJL": null, "MEDRJL": 0, "LOCRJL": 0, "JARRJL": 0, "FCODE": null, "REMARK": "Jalan Lokal", "SRS_ID": null, "LCODE": "CA0080", "METADATA": null, "SHAPE_Leng": 0.00200838042, "Shape_Le_1": 45.901140666800003 }, "geometry": { "type": "MultiLineString", "coordinates": [ [ [ 110.38332181367474, -7.794599167174004, 107.580000000001746 ], [ 110.38331952496624, -7.794613744599046, 107.580000000001746 ], [ 110.383255486428013, -7.794857713513789, 107.13310000000638 ] ], [ [ 110.382760892365766, -7.796371927172124, 105.346699999994598 ], [ 110.382730477342108, -7.796453878780236, 104.789999999993597 ], [ 110.382724874271787, -7.796514473003566, 104.789999999993597 ] ] ] } },
{ "type": "Feature", "properties": { "OBJECTID": 22, "NAMRJL": null, "KONRJL": 0, "MATRJL": 0, "FGSRJL": 0, "UTKRJL": 0, "TOLRJL": 0, "WLYRJL": 0, "AUTRJL": 0, "KLSRJL": 0, "SPCRJL": 0, "JPARJL": 0, "ARHRJL": 0, "STARJL": 0, "KLLRJL": null, "MEDRJL": 0, "LOCRJL": 0, "JARRJL": 0, "FCODE": null, "REMARK": "Jalan Lokal", "SRS_ID": null, "LCODE": "CA0080", "METADATA": null, "SHAPE_Leng": 0.00077038167, "Shape_Le_1": 85.146809273499997 }, "geometry": { "type": "MultiLineString", "coordinates": [ [ [ 110.371653942628228, -7.785233953587213, 115.75 ], [ 110.37190651717107, -7.785961755243208, 114.69199999999546 ] ] ] } },
{ "type": "Feature", "properties": { "OBJECTID": 23, "NAMRJL": null, "KONRJL": 0, "MATRJL": 0, "FGSRJL": 0, "UTKRJL": 0, "TOLRJL": 0, "WLYRJL": 0, "AUTRJL": 0, "KLSRJL": 0, "SPCRJL": 0, "JPARJL": 0, "ARHRJL": 0, "STARJL": 0, "KLLRJL": null, "MEDRJL": 0, "LOCRJL": 0, "JARRJL": 0, "FCODE": null, "REMARK": "Jalan Lokal", "SRS_ID": null, "LCODE": "CA0080", "METADATA": null, "SHAPE_Leng": 0.00068088576, "Shape_Le_1": 75.252677746700002 }, "geometry": { "type": "MultiLineString", "coordinates": [ [ [ 110.383850184611461, -7.79294881887897, 110.5 ], [ 110.38361591062322, -7.793588132016211, 110.5 ] ] ] } },
{ "type": "Feature", "properties": { "OBJECTID": 24, "NAMRJL": null, "KONRJL": 0, "MATRJL": 0, "FGSRJL": 0, "UTKRJL": 0, "TOLRJL": 0, "WLYRJL": 0, "AUTRJL": 0, "KLSRJL": 0, "SPCRJL": 0, "JPARJL": 0, "ARHRJL": 0, "STARJL": 0, "KLLRJL": null, "MEDRJL": 0, "LOCRJL": 0, "JARRJL": 0, "FCODE": null, "REMARK": "Jalan Lokal", "SRS_ID": null, "LCODE": "CA0080", "METADATA": null, "SHAPE_Leng": 0.00338164295, "Shape_Le_1": 372.91478216000002 }, "geometry": { "type": "MultiLineString", "coordinates": [ [ [ 110.374729019983235, -7.784281371613267, 119.009999999994761 ], [ 110.374151259239241, -7.784198633961441, 117.110000000000582 ], [ 110.37279438605691, -7.784159427034353, 116.960000000006403 ], [ 110.372512680729514, -7.78420584600041, 116.580000000001746 ], [ 110.371584043700224, -7.784450000886251, 115.929999999993015 ], [ 110.371428612174185, -7.784567501828824, 115.5 ] ] ] } },
{ "type": "Feature", "properties": { "OBJECTID": 25, "NAMRJL": null, "KONRJL": 0, "MATRJL": 0, "FGSRJL": 0, "UTKRJL": 0, "TOLRJL": 0, "WLYRJL": 0, "AUTRJL": 0, "KLSRJL": 0, "SPCRJL": 0, "JPARJL": 0, "ARHRJL": 0, "STARJL": 0, "KLLRJL": null, "MEDRJL": 0, "LOCRJL": 0, "JARRJL": 0, "FCODE": null, "REMARK": "Jalan Arteri", "SRS_ID": null, "LCODE": "CA0080", "METADATA": null, "SHAPE_Leng": 0.00060206309, "Shape_Le_1": 66.38513323 }, "geometry": { "type": "MultiLineString", "coordinates": [ [ [ 110.387154111301143, -7.783078638551878, 123.19999999999709 ], [ 110.387756173602327, -7.783078304928822, 123.19999999999709 ] ] ] } },
{ "type": "Feature", "properties": { "OBJECTID": 26, "NAMRJL": null, "KONRJL": 0, "MATRJL": 0, "FGSRJL": 0, "UTKRJL": 0, "TOLRJL": 0, "WLYRJL": 0, "AUTRJL": 0, "KLSRJL": 0, "SPCRJL": 0, "JPARJL": 0, "ARHRJL": 0, "STARJL": 0, "KLLRJL": null, "MEDRJL": 0, "LOCRJL": 0, "JARRJL": 0, "FCODE": null, "REMARK": "Jalan Lokal", "SRS_ID": null, "LCODE": "CA0080", "METADATA": null, "SHAPE_Leng": 0.00042948269, "Shape_Le_1": 47.481403771099998 }, "geometry": { "type": "MultiLineString", "coordinates": [ [ [ 110.37469692454718, -7.784709249140836, 117.979999999995925 ], [ 110.374711684574805, -7.7846139262446, 118.259999999994761 ], [ 110.374726046040877, -7.784317565818157, 118.910000000003492 ], [ 110.374729019983235, -7.784281371613267, 119.009999999994761 ] ] ] } },
{ "type": "Feature", "properties": { "OBJECTID": 27, "NAMRJL": null, "KONRJL": 0, "MATRJL": 0, "FGSRJL": 0, "UTKRJL": 0, "TOLRJL": 0, "WLYRJL": 0, "AUTRJL": 0, "KLSRJL": 0, "SPCRJL": 0, "JPARJL": 0, "ARHRJL": 0, "STARJL": 0, "KLLRJL": null, "MEDRJL": 0, "LOCRJL": 0, "JARRJL": 0, "FCODE": null, "REMARK": "Jalan Lokal", "SRS_ID": null, "LCODE": "CA0080", "METADATA": null, "SHAPE_Leng": 0.00071819248, "Shape_Le_1": 79.399108639900007 }, "geometry": { "type": "MultiLineString", "coordinates": [ [ [ 110.382487617736317, -7.792150303407244, 110.309999999997672 ], [ 110.382519450394028, -7.791822933117158, 111.369999999995343 ], [ 110.38255781925254, -7.791435549730277, 111.399999999994179 ] ] ] } },
{ "type": "Feature", "properties": { "OBJECTID": 28, "NAMRJL": null, "KONRJL": 0, "MATRJL": 0, "FGSRJL": 0, "UTKRJL": 0, "TOLRJL": 0, "WLYRJL": 0, "AUTRJL": 0, "KLSRJL": 0, "SPCRJL": 0, "JPARJL": 0, "ARHRJL": 0, "STARJL": 0, "KLLRJL": null, "MEDRJL": 0, "LOCRJL": 0, "JARRJL": 0, "FCODE": null, "REMARK": "Jalan Lokal", "SRS_ID": null, "LCODE": "CA0080", "METADATA": null, "SHAPE_Leng": 0.002220232, "Shape_Le_1": 245.08728017300001 }, "geometry": { "type": "MultiLineString", "coordinates": [ [ [ 110.369584431564462, -7.785619587933311, 113.19999999999709 ], [ 110.369786939697619, -7.785406858365141, 113.479999999995925 ], [ 110.370346775425944, -7.784866764829586, 114.289999999993597 ], [ 110.370778615384722, -7.784533478086316, 115.0 ], [ 110.371019959180572, -7.784325300867216, 115.440000000002328 ], [ 110.371263235418454, -7.784177963825024, 115.559999999997672 ] ] ] } },
{ "type": "Feature", "properties": { "OBJECTID": 29, "NAMRJL": null, "KONRJL": 0, "MATRJL": 0, "FGSRJL": 0, "UTKRJL": 0, "TOLRJL": 0, "WLYRJL": 0, "AUTRJL": 0, "KLSRJL": 0, "SPCRJL": 0, "JPARJL": 0, "ARHRJL": 0, "STARJL": 0, "KLLRJL": null, "MEDRJL": 0, "LOCRJL": 0, "JARRJL": 0, "FCODE": null, "REMARK": "Jalan Lokal", "SRS_ID": null, "LCODE": "CA0080", "METADATA": null, "SHAPE_Leng": 0.00050690711, "Shape_Le_1": 56.041485744600003 }, "geometry": { "type": "MultiLineString", "coordinates": [ [ [ 110.384069137893121, -7.785562226190674, 119.320000000006985 ], [ 110.384038559573639, -7.785056241884431, 119.320000000006985 ] ] ] } },
{ "type": "Feature", "properties": { "OBJECTID": 30, "NAMRJL": null, "KONRJL": 0, "MATRJL": 0, "FGSRJL": 0, "UTKRJL": 0, "TOLRJL": 0, "WLYRJL": 0, "AUTRJL": 0, "KLSRJL": 0, "SPCRJL": 0, "JPARJL": 0, "ARHRJL": 0, "STARJL": 0, "KLLRJL": null, "MEDRJL": 0, "LOCRJL": 0, "JARRJL": 0, "FCODE": null, "REMARK": "Jalan Lokal", "SRS_ID": null, "LCODE": "CA0080", "METADATA": null, "SHAPE_Leng": 0.00100013294, "Shape_Le_1": 110.29206605 }, "geometry": { "type": "MultiLineString", "coordinates": [ [ [ 110.381969227314755, -7.792187319175575, 110.470000000001164 ], [ 110.381931312589444, -7.792178019745078, 110.470000000001164 ], [ 110.381620987586757, -7.792156319946513, 109.910000000003492 ], [ 110.381306262769044, -7.792124311092889, 108.94999999999709 ], [ 110.381049126740038, -7.792019039160937, 109.0 ], [ 110.380998225560433, -7.791996143936533, 109.259999999994761 ] ] ] } },
{ "type": "Feature", "properties": { "OBJECTID": 31, "NAMRJL": null, "KONRJL": 0, "MATRJL": 0, "FGSRJL": 0, "UTKRJL": 0, "TOLRJL": 0, "WLYRJL": 0, "AUTRJL": 0, "KLSRJL": 0, "SPCRJL": 0, "JPARJL": 0, "ARHRJL": 0, "STARJL": 0, "KLLRJL": null, "MEDRJL": 0, "LOCRJL": 0, "JARRJL": 0, "FCODE": null, "REMARK": "Jalan Lokal", "SRS_ID": null, "LCODE": "CA0080", "METADATA": null, "SHAPE_Leng": 0.00133793013, "Shape_Le_1": 147.614165071 }, "geometry": { "type": "MultiLineString", "coordinates": [ [ [ 110.370382923575761, -7.787692476746944, 112.80000000000291 ], [ 110.370750552809639, -7.787927092085567, 112.919999999998254 ], [ 110.370872576849635, -7.787972109830638, 113.05000000000291 ], [ 110.371100385151095, -7.788053853892999, 113.05000000000291 ], [ 110.371484719201263, -7.788222029904271, 113.05000000000291 ], [ 110.371549250370592, -7.78831136470567, 112.815000000002328 ] ] ] } },
{ "type": "Feature", "properties": { "OBJECTID": 32, "NAMRJL": null, "KONRJL": 0, "MATRJL": 0, "FGSRJL": 0, "UTKRJL": 0, "TOLRJL": 0, "WLYRJL": 0, "AUTRJL": 0, "KLSRJL": 0, "SPCRJL": 0, "JPARJL": 0, "ARHRJL": 0, "STARJL": 0, "KLLRJL": null, "MEDRJL": 0, "LOCRJL": 0, "JARRJL": 0, "FCODE": null, "REMARK": "Jalan Lokal", "SRS_ID": null, "LCODE": "CA0080", "METADATA": null, "SHAPE_Leng": 0.00088359603, "Shape_Le_1": 92.297338722899994 }, "geometry": { "type": "MultiLineString", "coordinates": [ [ [ 110.378975961443189, -7.789959930321414, 113.169999999998254 ], [ 110.378856881303619, -7.789958769902472, 113.169999999998254 ], [ 110.378364243161386, -7.789982415211753, 113.19999999999709 ], [ 110.378148319077908, -7.790044736875815, 113.176000000006752 ] ] ] } },
{ "type": "Feature", "properties": { "OBJECTID": 33, "NAMRJL": null, "KONRJL": 0, "MATRJL": 0, "FGSRJL": 0, "UTKRJL": 0, "TOLRJL": 0, "WLYRJL": 0, "AUTRJL": 0, "KLSRJL": 0, "SPCRJL": 0, "JPARJL": 0, "ARHRJL": 0, "STARJL": 0, "KLLRJL": null, "MEDRJL": 0, "LOCRJL": 0, "JARRJL": 0, "FCODE": null, "REMARK": "Jalan Lokal", "SRS_ID": null, "LCODE": "CA0080", "METADATA": null, "SHAPE_Leng": 0.00038704623, "Shape_Le_1": 42.784283133700001 }, "geometry": { "type": "MultiLineString", "coordinates": [ [ [ 110.374610435825517, -7.785085299288287, 117.830000000001746 ], [ 110.374611360049684, -7.785036927326864, 117.80000000000291 ], [ 110.374641113453407, -7.784923228763496, 117.830000000001746 ], [ 110.37469692454718, -7.784709249140836, 117.979999999995925 ] ] ] } },
{ "type": "Feature", "properties": { "OBJECTID": 34, "NAMRJL": null, "KONRJL": 0, "MATRJL": 0, "FGSRJL": 0, "UTKRJL": 0, "TOLRJL": 0, "WLYRJL": 0, "AUTRJL": 0, "KLSRJL": 0, "SPCRJL": 0, "JPARJL": 0, "ARHRJL": 0, "STARJL": 0, "KLLRJL": null, "MEDRJL": 0, "LOCRJL": 0, "JARRJL": 0, "FCODE": null, "REMARK": "Jalan Lokal", "SRS_ID": null, "LCODE": "CA0080", "METADATA": null, "SHAPE_Leng": 0.00150826687, "Shape_Le_1": 162.31419074600001 }, "geometry": { "type": "MultiLineString", "coordinates": [ [ [ 110.379367173657911, -7.793959490679265, 106.399999999994179 ], [ 110.378184041258365, -7.793942822154004, 107.083799999993062 ], [ 110.377898409236806, -7.793899936828531, 109.657600000005914 ] ] ] } },
{ "type": "Feature", "properties": { "OBJECTID": 35, "NAMRJL": null, "KONRJL": 0, "MATRJL": 0, "FGSRJL": 0, "UTKRJL": 0, "TOLRJL": 0, "WLYRJL": 0, "AUTRJL": 0, "KLSRJL": 0, "SPCRJL": 0, "JPARJL": 0, "ARHRJL": 0, "STARJL": 0, "KLLRJL": null, "MEDRJL": 0, "LOCRJL": 0, "JARRJL": 0, "FCODE": null, "REMARK": "Jalan Lokal", "SRS_ID": null, "LCODE": "CA0080", "METADATA": null, "SHAPE_Leng": 0.00094423439, "Shape_Le_1": 104.388257352 }, "geometry": { "type": "MultiLineString", "coordinates": [ [ [ 110.388078260427946, -7.784021418725253, 121.360000000000582 ], [ 110.387978663386491, -7.783082452086341, 123.19999999999709 ] ] ] } },
{ "type": "Feature", "properties": { "OBJECTID": 36, "NAMRJL": null, "KONRJL": 0, "MATRJL": 0, "FGSRJL": 0, "UTKRJL": 0, "TOLRJL": 0, "WLYRJL": 0, "AUTRJL": 0, "KLSRJL": 0, "SPCRJL": 0, "JPARJL": 0, "ARHRJL": 0, "STARJL": 0, "KLLRJL": null, "MEDRJL": 0, "LOCRJL": 0, "JARRJL": 0, "FCODE": null, "REMARK": "Jalan Lokal", "SRS_ID": null, "LCODE": "CA0080", "METADATA": null, "SHAPE_Leng": 0.00181185091, "Shape_Le_1": 200.30960304499999 }, "geometry": { "type": "MultiLineString", "coordinates": [ [ [ 110.379351661030853, -7.781181773114968, 121.360000000000582 ], [ 110.379335650983947, -7.781788108316147, 121.830000000001746 ], [ 110.379264977703144, -7.782550582009952, 121.179999999993015 ], [ 110.379232435771968, -7.782958524156606, 120.679999999993015 ], [ 110.379231865152789, -7.782988842606692, 120.679999999993015 ] ] ] } },
{ "type": "Feature", "properties": { "OBJECTID": 37, "NAMRJL": null, "KONRJL": 0, "MATRJL": 0, "FGSRJL": 0, "UTKRJL": 0, "TOLRJL": 0, "WLYRJL": 0, "AUTRJL": 0, "KLSRJL": 0, "SPCRJL": 0, "JPARJL": 0, "ARHRJL": 0, "STARJL": 0, "KLLRJL": null, "MEDRJL": 0, "LOCRJL": 0, "JARRJL": 0, "FCODE": null, "REMARK": "Jalan Lokal", "SRS_ID": null, "LCODE": "CA0080", "METADATA": null, "SHAPE_Leng": 0.0006402108, "Shape_Le_1": 70.596310917599993 }, "geometry": { "type": "MultiLineString", "coordinates": [ [ [ 110.381152551791089, -7.794108280984636, 106.559999999997672 ], [ 110.381184356659816, -7.794109485223348, 106.589999999996508 ], [ 110.381471213576816, -7.794140720932432, 106.960000000006403 ], [ 110.381781558174367, -7.794218038593153, 107.30000000000291 ] ] ] } },
{ "type": "Feature", "properties": { "OBJECTID": 38, "NAMRJL": null, "KONRJL": 0, "MATRJL": 0, "FGSRJL": 0, "UTKRJL": 0, "TOLRJL": 0, "WLYRJL": 0, "AUTRJL": 0, "KLSRJL": 0, "SPCRJL": 0, "JPARJL": 0, "ARHRJL": 0, "STARJL": 0, "KLLRJL": null, "MEDRJL": 0, "LOCRJL": 0, "JARRJL": 0, "FCODE": null, "REMARK": "Jalan Lokal", "SRS_ID": null, "LCODE": "CA0080", "METADATA": null, "SHAPE_Leng": 0.00255579181, "Shape_Le_1": 281.81365567900002 }, "geometry": { "type": "MultiLineString", "coordinates": [ [ [ 110.375135037602192, -7.781852557698532, 122.05000000000291 ], [ 110.375101988041692, -7.781847380434362, 122.05000000000291 ], [ 110.375000280831259, -7.781844173364739, 121.658999999999651 ], [ 110.375000239114385, -7.781844172398772, 121.658800000004703 ], [ 110.374407011695382, -7.781825443903542, 119.380000000004657 ], [ 110.372584651042089, -7.781695099043265, 119.220000000001164 ] ] ] } },
{ "type": "Feature", "properties": { "OBJECTID": 39, "NAMRJL": null, "KONRJL": 0, "MATRJL": 0, "FGSRJL": 0, "UTKRJL": 0, "TOLRJL": 0, "WLYRJL": 0, "AUTRJL": 0, "KLSRJL": 0, "SPCRJL": 0, "JPARJL": 0, "ARHRJL": 0, "STARJL": 0, "KLLRJL": null, "MEDRJL": 0, "LOCRJL": 0, "JARRJL": 0, "FCODE": null, "REMARK": "Jalan Lokal", "SRS_ID": null, "LCODE": "CA0080", "METADATA": null, "SHAPE_Leng": 0.00082261911, "Shape_Le_1": 90.7207610974 }, "geometry": { "type": "MultiLineString", "coordinates": [ [ [ 110.37864786631107, -7.780077906184054, 123.029999999998836 ], [ 110.378638317883258, -7.780027664579229, 123.070000000006985 ], [ 110.378296364687642, -7.779997115812462, 123.130000000004657 ], [ 110.377868721256036, -7.779976019952267, 123.070000000006985 ] ] ] } },
{ "type": "Feature", "properties": { "OBJECTID": 40, "NAMRJL": null, "KONRJL": 0, "MATRJL": 0, "FGSRJL": 0, "UTKRJL": 0, "TOLRJL": 0, "WLYRJL": 0, "AUTRJL": 0, "KLSRJL": 0, "SPCRJL": 0, "JPARJL": 0, "ARHRJL": 0, "STARJL": 0, "KLLRJL": null, "MEDRJL": 0, "LOCRJL": 0, "JARRJL": 0, "FCODE": null, "REMARK": "Jalan Lokal", "SRS_ID": null, "LCODE": "CA0080", "METADATA": null, "SHAPE_Leng": 0.00090091915, "Shape_Le_1": 99.59287482000001 }, "geometry": { "type": "MultiLineString", "coordinates": [ [ [ 110.36956565317135, -7.78598094041855, 113.509999999994761 ], [ 110.369596428671528, -7.786488334830488, 113.360000000000582 ], [ 110.369675996902316, -7.786771293875417, 113.080000000001746 ], [ 110.36970818956398, -7.786864551644793, 113.05000000000291 ] ] ] } },
{ "type": "Feature", "properties": { "OBJECTID": 41, "NAMRJL": null, "KONRJL": 0, "MATRJL": 0, "FGSRJL": 0, "UTKRJL": 0, "TOLRJL": 0, "WLYRJL": 0, "AUTRJL": 0, "KLSRJL": 0, "SPCRJL": 0, "JPARJL": 0, "ARHRJL": 0, "STARJL": 0, "KLLRJL": null, "MEDRJL": 0, "LOCRJL": 0, "JARRJL": 0, "FCODE": null, "REMARK": "Jalan Lokal", "SRS_ID": null, "LCODE": "CA0080", "METADATA": null, "SHAPE_Leng": 0.0023092121, "Shape_Le_1": 254.63840797500001 }, "geometry": { "type": "MultiLineString", "coordinates": [ [ [ 110.384186782953179, -7.786936227119969, 115.869999999995343 ], [ 110.384170002888681, -7.786943683078255, 115.869999999995343 ], [ 110.384092337198751, -7.786978213148254, 115.869999999995343 ], [ 110.384080213416624, -7.786989330102792, 115.839999999996508 ], [ 110.384054853330539, -7.786990876161449, 115.809999999997672 ], [ 110.38377307840797, -7.787016408181372, 115.649999999994179 ], [ 110.381972974776545, -7.78718730092005, 114.100000000005821 ], [ 110.3819142058925, -7.787230387681234, 114.130000000004657 ] ] ] } },
{ "type": "Feature", "properties": { "OBJECTID": 42, "NAMRJL": null, "KONRJL": 0, "MATRJL": 0, "FGSRJL": 0, "UTKRJL": 0, "TOLRJL": 0, "WLYRJL": 0, "AUTRJL": 0, "KLSRJL": 0, "SPCRJL": 0, "JPARJL": 0, "ARHRJL": 0, "STARJL": 0, "KLLRJL": null, "MEDRJL": 0, "LOCRJL": 0, "JARRJL": 0, "FCODE": null, "REMARK": "Jalan Lokal", "SRS_ID": null, "LCODE": "CA0080", "METADATA": null, "SHAPE_Leng": 0.00070400028, "Shape_Le_1": 77.628088118299999 }, "geometry": { "type": "MultiLineString", "coordinates": [ [ [ 110.376188040756134, -7.779793093316167, 123.502299999992829 ], [ 110.376141277077906, -7.779789062806197, 123.479999999995925 ], [ 110.375778163742424, -7.779747825769988, 123.839999999996508 ], [ 110.375557157144314, -7.779723567220388, 124.144499999994878 ], [ 110.375520979756402, -7.779723930061971, 124.132199999992736 ], [ 110.375487925321906, -7.779722153800881, 124.089999999996508 ] ] ] } },
{ "type": "Feature", "properties": { "OBJECTID": 43, "NAMRJL": null, "KONRJL": 0, "MATRJL": 0, "FGSRJL": 0, "UTKRJL": 0, "TOLRJL": 0, "WLYRJL": 0, "AUTRJL": 0, "KLSRJL": 0, "SPCRJL": 0, "JPARJL": 0, "ARHRJL": 0, "STARJL": 0, "KLLRJL": null, "MEDRJL": 0, "LOCRJL": 0, "JARRJL": 0, "FCODE": null, "REMARK": "Jalan Lokal", "SRS_ID": null, "LCODE": "CA0080", "METADATA": null, "SHAPE_Leng": 0.00133806297, "Shape_Le_1": 147.553936048 }, "geometry": { "type": "MultiLineString", "coordinates": [ [ [ 110.38262577483529, -7.790650214442604, 112.460000000006403 ], [ 110.382551610940737, -7.790633969875304, 112.270000000004075 ], [ 110.381318002126633, -7.790367121246564, 111.619999999995343 ] ] ] } },
{ "type": "Feature", "properties": { "OBJECTID": 44, "NAMRJL": null, "KONRJL": 0, "MATRJL": 0, "FGSRJL": 0, "UTKRJL": 0, "TOLRJL": 0, "WLYRJL": 0, "AUTRJL": 0, "KLSRJL": 0, "SPCRJL": 0, "JPARJL": 0, "ARHRJL": 0, "STARJL": 0, "KLLRJL": null, "MEDRJL": 0, "LOCRJL": 0, "JARRJL": 0, "FCODE": null, "REMARK": "Jalan Lokal", "SRS_ID": null, "LCODE": "CA0080", "METADATA": null, "SHAPE_Leng": 0.00036903109, "Shape_Le_1": 40.739016468000003 }, "geometry": { "type": "MultiLineString", "coordinates": [ [ [ 110.380728705772654, -7.791752354676304, 110.130000000004657 ], [ 110.380784524592585, -7.791828171136399, 109.610000000000582 ], [ 110.380888291213807, -7.791906762144088, 109.19999999999709 ], [ 110.380978946817166, -7.791963942238428, 109.19999999999709 ], [ 110.380998225560433, -7.791996143936533, 109.259999999994761 ] ] ] } },
{ "type": "Feature", "properties": { "OBJECTID": 45, "NAMRJL": null, "KONRJL": 0, "MATRJL": 0, "FGSRJL": 0, "UTKRJL": 0, "TOLRJL": 0, "WLYRJL": 0, "AUTRJL": 0, "KLSRJL": 0, "SPCRJL": 0, "JPARJL": 0, "ARHRJL": 0, "STARJL": 0, "KLLRJL": null, "MEDRJL": 0, "LOCRJL": 0, "JARRJL": 0, "FCODE": null, "REMARK": "Jalan Lokal", "SRS_ID": null, "LCODE": "CA0080", "METADATA": null, "SHAPE_Leng": 0.00059429312, "Shape_Le_1": 65.699898090999994 }, "geometry": { "type": "MultiLineString", "coordinates": [ [ [ 110.378465390305422, -7.787930015744243, 114.913000000000466 ], [ 110.378511241151742, -7.78771100088026, 115.25 ], [ 110.378535302822513, -7.787341253159387, 116.119999999995343 ] ] ] } },
{ "type": "Feature", "properties": { "OBJECTID": 46, "NAMRJL": null, "KONRJL": 0, "MATRJL": 0, "FGSRJL": 0, "UTKRJL": 0, "TOLRJL": 0, "WLYRJL": 0, "AUTRJL": 0, "KLSRJL": 0, "SPCRJL": 0, "JPARJL": 0, "ARHRJL": 0, "STARJL": 0, "KLLRJL": null, "MEDRJL": 0, "LOCRJL": 0, "JARRJL": 0, "FCODE": null, "REMARK": "Jalan Lokal", "SRS_ID": null, "LCODE": "CA0080", "METADATA": null, "SHAPE_Leng": 0.00164717631, "Shape_Le_1": 6.6554326505599999 }, "geometry": { "type": "MultiLineString", "coordinates": [ [ [ 110.373792468842751, -7.789041287930467, 113.76919999999518 ], [ 110.37379679703642, -7.788981243764945, 113.880000000004657 ] ] ] } },
{ "type": "Feature", "properties": { "OBJECTID": 47, "NAMRJL": null, "KONRJL": 0, "MATRJL": 0, "FGSRJL": 0, "UTKRJL": 0, "TOLRJL": 0, "WLYRJL": 0, "AUTRJL": 0, "KLSRJL": 0, "SPCRJL": 0, "JPARJL": 0, "ARHRJL": 0, "STARJL": 0, "KLLRJL": null, "MEDRJL": 0, "LOCRJL": 0, "JARRJL": 0, "FCODE": null, "REMARK": "Jalan Lokal", "SRS_ID": null, "LCODE": "CA0080", "METADATA": null, "SHAPE_Leng": 0.00051493053, "Shape_Le_1": 56.928961345700003 }, "geometry": { "type": "MultiLineString", "coordinates": [ [ [ 110.382480696076541, -7.792665186679367, 110.309999999997672 ], [ 110.382487617736317, -7.792150303407244, 110.309999999997672 ] ] ] } },
{ "type": "Feature", "properties": { "OBJECTID": 48, "NAMRJL": null, "KONRJL": 0, "MATRJL": 0, "FGSRJL": 0, "UTKRJL": 0, "TOLRJL": 0, "WLYRJL": 0, "AUTRJL": 0, "KLSRJL": 0, "SPCRJL": 0, "JPARJL": 0, "ARHRJL": 0, "STARJL": 0, "KLLRJL": null, "MEDRJL": 0, "LOCRJL": 0, "JARRJL": 0, "FCODE": null, "REMARK": "Jalan Lokal", "SRS_ID": null, "LCODE": "CA0080", "METADATA": null, "SHAPE_Leng": 0.00204075821, "Shape_Le_1": 225.026361227 }, "geometry": { "type": "MultiLineString", "coordinates": [ [ [ 110.388078260427946, -7.784021418725253, 121.360000000000582 ], [ 110.388107526643608, -7.784027883001173, 121.399999999994179 ], [ 110.388379696567753, -7.784063940573079, 121.860000000000582 ], [ 110.388822775930066, -7.784095675578571, 121.860000000000582 ], [ 110.389160306577679, -7.784127232804266, 121.830000000001746 ], [ 110.389579027719705, -7.78417600104936, 120.529999999998836 ], [ 110.390106851147621, -7.784238149796603, 119.970000000001164 ] ] ] } },
{ "type": "Feature", "properties": { "OBJECTID": 49, "NAMRJL": null, "KONRJL": 0, "MATRJL": 0, "FGSRJL": 0, "UTKRJL": 0, "TOLRJL": 0, "WLYRJL": 0, "AUTRJL": 0, "KLSRJL": 0, "SPCRJL": 0, "JPARJL": 0, "ARHRJL": 0, "STARJL": 0, "KLLRJL": null, "MEDRJL": 0, "LOCRJL": 0, "JARRJL": 0, "FCODE": null, "REMARK": "Jalan Lokal", "SRS_ID": null, "LCODE": "CA0080", "METADATA": null, "SHAPE_Leng": 0.00120858177, "Shape_Le_1": 114.084563661 }, "geometry": { "type": "MultiLineString", "coordinates": [ [ [ 110.390232810986845, -7.782074074153989, 123.461800000004587 ], [ 110.390268102658098, -7.782437094132334, 122.94999999999709 ], [ 110.390268180659689, -7.782991923809497, 122.020000000004075 ], [ 110.390283963639391, -7.783103174715987, 121.513000000006286 ] ] ] } },
{ "type": "Feature", "properties": { "OBJECTID": 50, "NAMRJL": null, "KONRJL": 0, "MATRJL": 0, "FGSRJL": 0, "UTKRJL": 0, "TOLRJL": 0, "WLYRJL": 0, "AUTRJL": 0, "KLSRJL": 0, "SPCRJL": 0, "JPARJL": 0, "ARHRJL": 0, "STARJL": 0, "KLLRJL": null, "MEDRJL": 0, "LOCRJL": 0, "JARRJL": 0, "FCODE": null, "REMARK": "Jalan Lokal", "SRS_ID": null, "LCODE": "CA0080", "METADATA": null, "SHAPE_Leng": 0.00024899032, "Shape_Le_1": 27.5262748112 }, "geometry": { "type": "MultiLineString", "coordinates": [ [ [ 110.387762561725765, -7.787706172559637, 116.18399999999383 ], [ 110.387795388129518, -7.787952989605491, 115.990000000005239 ] ] ] } },
{ "type": "Feature", "properties": { "OBJECTID": 51, "NAMRJL": null, "KONRJL": 0, "MATRJL": 0, "FGSRJL": 0, "UTKRJL": 0, "TOLRJL": 0, "WLYRJL": 0, "AUTRJL": 0, "KLSRJL": 0, "SPCRJL": 0, "JPARJL": 0, "ARHRJL": 0, "STARJL": 0, "KLLRJL": null, "MEDRJL": 0, "LOCRJL": 0, "JARRJL": 0, "FCODE": null, "REMARK": "Jalan Lokal", "SRS_ID": null, "LCODE": "CA0080", "METADATA": null, "SHAPE_Leng": 0.00288530103, "Shape_Le_1": 318.23397677999998 }, "geometry": { "type": "MultiLineString", "coordinates": [ [ [ 110.378523077210986, -7.778160182336869, 125.740000000005239 ], [ 110.378447966588595, -7.778147336808188, 125.869999999995343 ], [ 110.377961169694913, -7.778112794898647, 126.320000000006985 ], [ 110.377942750830499, -7.778149373557821, 126.320000000006985 ], [ 110.377893370998549, -7.778234497291248, 126.320000000006985 ], [ 110.377659882958426, -7.77838448510951, 126.350000000005821 ], [ 110.377440438622614, -7.778346671224464, 127.410000000003492 ], [ 110.376575161214248, -7.778083363773275, 126.059999999997672 ], [ 110.37604349113127, -7.778011107943314, 125.830000000001746 ], [ 110.375878244850057, -7.77800968913632, 125.830000000001746 ], [ 110.375811274848814, -7.777975345801567, 126.539999999993597 ] ] ] } },
{ "type": "Feature", "properties": { "OBJECTID": 52, "NAMRJL": null, "KONRJL": 0, "MATRJL": 0, "FGSRJL": 0, "UTKRJL": 0, "TOLRJL": 0, "WLYRJL": 0, "AUTRJL": 0, "KLSRJL": 0, "SPCRJL": 0, "JPARJL": 0, "ARHRJL": 0, "STARJL": 0, "KLLRJL": null, "MEDRJL": 0, "LOCRJL": 0, "JARRJL": 0, "FCODE": null, "REMARK": "Jalan Lokal", "SRS_ID": null, "LCODE": "CA0080", "METADATA": null, "SHAPE_Leng": 0.00072137753, "Shape_Le_1": 79.741945808200001 }, "geometry": { "type": "MultiLineString", "coordinates": [ [ [ 110.377868721256036, -7.779976019952267, 123.070000000006985 ], [ 110.377855162698964, -7.779951514903011, 123.100000000005821 ], [ 110.377823121339688, -7.779742317345312, 123.770000000004075 ], [ 110.377846534405037, -7.779418554038245, 123.899999999994179 ], [ 110.377909659136648, -7.77927466616047, 124.029999999998836 ] ] ] } },
{ "type": "Feature", "properties": { "OBJECTID": 53, "NAMRJL": null, "KONRJL": 0, "MATRJL": 0, "FGSRJL": 0, "UTKRJL": 0, "TOLRJL": 0, "WLYRJL": 0, "AUTRJL": 0, "KLSRJL": 0, "SPCRJL": 0, "JPARJL": 0, "ARHRJL": 0, "STARJL": 0, "KLLRJL": null, "MEDRJL": 0, "LOCRJL": 0, "JARRJL": 0, "FCODE": null, "REMARK": "Jalan Lokal", "SRS_ID": null, "LCODE": "CA0080", "METADATA": null, "SHAPE_Leng": 0.00176816124, "Shape_Le_1": 195.373238767 }, "geometry": { "type": "MultiLineString", "coordinates": [ [ [ 110.371798472191756, -7.777190007723592, 124.80000000000291 ], [ 110.371868055096328, -7.776985564277444, 124.839999999996508 ], [ 110.372253422070656, -7.776324456358811, 125.160000000003492 ], [ 110.372391581198286, -7.776073677414882, 125.539999999993597 ], [ 110.372605458402404, -7.775621003722454, 126.570000000006985 ] ] ] } },
{ "type": "Feature", "properties": { "OBJECTID": 54, "NAMRJL": null, "KONRJL": 0, "MATRJL": 0, "FGSRJL": 0, "UTKRJL": 0, "TOLRJL": 0, "WLYRJL": 0, "AUTRJL": 0, "KLSRJL": 0, "SPCRJL": 0, "JPARJL": 0, "ARHRJL": 0, "STARJL": 0, "KLLRJL": null, "MEDRJL": 0, "LOCRJL": 0, "JARRJL": 0, "FCODE": null, "REMARK": "Jalan Lokal", "SRS_ID": null, "LCODE": "CA0080", "METADATA": null, "SHAPE_Leng": 0.00103422625, "Shape_Le_1": 114.337994314 }, "geometry": { "type": "MultiLineString", "coordinates": [ [ [ 110.377656412850541, -7.781015066585019, 122.360000000000582 ], [ 110.377712351883332, -7.780670392549888, 122.570000000006985 ], [ 110.37772093215284, -7.780503740448504, 122.729999999995925 ], [ 110.377722893181243, -7.779985574879992, 123.070000000006985 ] ] ] } },
{ "type": "Feature", "properties": { "OBJECTID": 55, "NAMRJL": null, "KONRJL": 0, "MATRJL": 0, "FGSRJL": 0, "UTKRJL": 0, "TOLRJL": 0, "WLYRJL": 0, "AUTRJL": 0, "KLSRJL": 0, "SPCRJL": 0, "JPARJL": 0, "ARHRJL": 0, "STARJL": 0, "KLLRJL": null, "MEDRJL": 0, "LOCRJL": 0, "JARRJL": 0, "FCODE": null, "REMARK": "Jalan Lokal", "SRS_ID": null, "LCODE": "CA0080", "METADATA": null, "SHAPE_Leng": 0.00049286317, "Shape_Le_1": 54.485964082499997 }, "geometry": { "type": "MultiLineString", "coordinates": [ [ [ 110.380998225560433, -7.791996143936533, 109.259999999994761 ], [ 110.380962105790374, -7.792228841405425, 109.259999999994761 ], [ 110.380922289305573, -7.792483122384398, 109.100000000005821 ] ] ] } },
{ "type": "Feature", "properties": { "OBJECTID": 56, "NAMRJL": null, "KONRJL": 0, "MATRJL": 0, "FGSRJL": 0, "UTKRJL": 0, "TOLRJL": 0, "WLYRJL": 0, "AUTRJL": 0, "KLSRJL": 0, "SPCRJL": 0, "JPARJL": 0, "ARHRJL": 0, "STARJL": 0, "KLLRJL": null, "MEDRJL": 0, "LOCRJL": 0, "JARRJL": 0, "FCODE": null, "REMARK": "Jalan Arteri", "SRS_ID": null, "LCODE": "CA0080", "METADATA": null, "SHAPE_Leng": 0.00094101437, "Shape_Le_1": 103.759123438 }, "geometry": { "type": "MultiLineString", "coordinates": [ [ [ 110.382324233567715, -7.783028026647804, 120.567999999999302 ], [ 110.382642788987155, -7.783029657197381, 120.869999999995343 ], [ 110.383265139616384, -7.783041045790671, 120.119999999995343 ] ] ] } },
{ "type": "Feature", "properties": { "OBJECTID": 57, "NAMRJL": null, "KONRJL": 0, "MATRJL": 0, "FGSRJL": 0, "UTKRJL": 0, "TOLRJL": 0, "WLYRJL": 0, "AUTRJL": 0, "KLSRJL": 0, "SPCRJL": 0, "JPARJL": 0, "ARHRJL": 0, "STARJL": 0, "KLLRJL": null, "MEDRJL": 0, "LOCRJL": 0, "JARRJL": 0, "FCODE": null, "REMARK": "Jalan Lokal", "SRS_ID": null, "LCODE": "CA0080", "METADATA": null, "SHAPE_Leng": 0.00170504825, "Shape_Le_1": 53.505263074399998 }, "geometry": { "type": "MultiLineString", "coordinates": [ [ [ 110.378523077210986, -7.778160182336869, 125.740000000005239 ], [ 110.378749532907406, -7.778129597575996, 125.960000000006403 ], [ 110.378783145994888, -7.77802899342372, 126.539999999993597 ], [ 110.378838973641777, -7.777889709505726, 126.786600000006729 ] ] ] } },
{ "type": "Feature", "properties": { "OBJECTID": 58, "NAMRJL": null, "KONRJL": 0, "MATRJL": 0, "FGSRJL": 0, "UTKRJL": 0, "TOLRJL": 0, "WLYRJL": 0, "AUTRJL": 0, "KLSRJL": 0, "SPCRJL": 0, "JPARJL": 0, "ARHRJL": 0, "STARJL": 0, "KLLRJL": null, "MEDRJL": 0, "LOCRJL": 0, "JARRJL": 0, "FCODE": null, "REMARK": "Jalan Lokal", "SRS_ID": null, "LCODE": "CA0080", "METADATA": null, "SHAPE_Leng": 0.0022745166, "Shape_Le_1": 251.44348455400001 }, "geometry": { "type": "MultiLineString", "coordinates": [ [ [ 110.38620070643735, -7.7913921249055, 111.610000000000582 ], [ 110.386231946449712, -7.791244870036222, 112.179999999993015 ], [ 110.386271840960802, -7.791003223559254, 112.330000000001746 ], [ 110.386587793794092, -7.789150910321683, 115.469800000006217 ] ] ] } },
{ "type": "Feature", "properties": { "OBJECTID": 59, "NAMRJL": null, "KONRJL": 0, "MATRJL": 0, "FGSRJL": 0, "UTKRJL": 0, "TOLRJL": 0, "WLYRJL": 0, "AUTRJL": 0, "KLSRJL": 0, "SPCRJL": 0, "JPARJL": 0, "ARHRJL": 0, "STARJL": 0, "KLLRJL": null, "MEDRJL": 0, "LOCRJL": 0, "JARRJL": 0, "FCODE": null, "REMARK": "Jalan Arteri", "SRS_ID": null, "LCODE": "CA0080", "METADATA": null, "SHAPE_Leng": 0.00136290058, "Shape_Le_1": 150.27752642600001 }, "geometry": { "type": "MultiLineString", "coordinates": [ [ [ 110.383613021638709, -7.783050577570958, 120.119999999995343 ], [ 110.384175687015045, -7.783050057007299, 121.029999999998836 ], [ 110.384975922413133, -7.783049317595556, 122.330000000001746 ] ] ] } },
{ "type": "Feature", "properties": { "OBJECTID": 60, "NAMRJL": null, "KONRJL": 0, "MATRJL": 0, "FGSRJL": 0, "UTKRJL": 0, "TOLRJL": 0, "WLYRJL": 0, "AUTRJL": 0, "KLSRJL": 0, "SPCRJL": 0, "JPARJL": 0, "ARHRJL": 0, "STARJL": 0, "KLLRJL": null, "MEDRJL": 0, "LOCRJL": 0, "JARRJL": 0, "FCODE": null, "REMARK": "Jalan Lokal", "SRS_ID": null, "LCODE": "CA0080", "METADATA": null, "SHAPE_Leng": 0.00093247891, "Shape_Le_1": 102.82121229099999 }, "geometry": { "type": "MultiLineString", "coordinates": [ [ [ 110.377116513320047, -7.779879445168364, 123.346999999994296 ], [ 110.376188040756134, -7.779793093316167, 123.502299999992829 ] ] ] } },
{ "type": "Feature", "properties": { "OBJECTID": 61, "NAMRJL": null, "KONRJL": 0, "MATRJL": 0, "FGSRJL": 0, "UTKRJL": 0, "TOLRJL": 0, "WLYRJL": 0, "AUTRJL": 0, "KLSRJL": 0, "SPCRJL": 0, "JPARJL": 0, "ARHRJL": 0, "STARJL": 0, "KLLRJL": null, "MEDRJL": 0, "LOCRJL": 0, "JARRJL": 0, "FCODE": null, "REMARK": "Jalan Lokal", "SRS_ID": null, "LCODE": "CA0080", "METADATA": null, "SHAPE_Leng": 0.00343789417, "Shape_Le_1": 162.34989008 }, "geometry": { "type": "MultiLineString", "coordinates": [ [ [ 110.37718610834591, -7.788490556139354, 115.839999999996508 ], [ 110.377187231173096, -7.788488685447713, 115.839999999996508 ] ], [ [ 110.375981045483783, -7.788737029199733, 115.498300000006566 ], [ 110.376089062992193, -7.788720026882568, 115.559999999997672 ], [ 110.376332823970913, -7.788668186170401, 115.75 ], [ 110.37637304331497, -7.788660544321498, 115.754300000000512 ] ], [ [ 110.374606493118918, -7.788907903725887, 114.468900000007125 ], [ 110.374760240859558, -7.788891047914413, 114.630000000004657 ], [ 110.375000317211672, -7.788866708774502, 114.827999999994063 ], [ 110.375000358935949, -7.788866705217977, 114.827999999994063 ], [ 110.375264341121664, -7.78883994813564, 115.044999999998254 ] ], [ [ 110.374340688939967, -7.78893704380577, 114.190499999996973 ], [ 110.374451418308809, -7.788924904957699, 114.306500000006054 ] ], [ [ 110.374109635069047, -7.78896237457031, 113.948499999998603 ], [ 110.37417300204099, -7.78895542740763, 114.014899999994668 ] ], [ [ 110.37379679703642, -7.788981243764945, 113.880000000004657 ], [ 110.37403059877407, -7.788968239400313, 113.912700000000768 ] ] ] } },
{ "type": "Feature", "properties": { "OBJECTID": 62, "NAMRJL": null, "KONRJL": 0, "MATRJL": 0, "FGSRJL": 0, "UTKRJL": 0, "TOLRJL": 0, "WLYRJL": 0, "AUTRJL": 0, "KLSRJL": 0, "SPCRJL": 0, "JPARJL": 0, "ARHRJL": 0, "STARJL": 0, "KLLRJL": null, "MEDRJL": 0, "LOCRJL": 0, "JARRJL": 0, "FCODE": null, "REMARK": "Jalan Lokal", "SRS_ID": null, "LCODE": "CA0080", "METADATA": null, "SHAPE_Leng": 0.00036259139, "Shape_Le_1": 40.086345140600002 }, "geometry": { "type": "MultiLineString", "coordinates": [ [ [ 110.369584431564462, -7.785619587933311, 113.19999999999709 ], [ 110.369573746135487, -7.785669356363943, 113.509999999994761 ], [ 110.36956565317135, -7.78598094041855, 113.509999999994761 ] ] ] } },
{ "type": "Feature", "properties": { "OBJECTID": 63, "NAMRJL": null, "KONRJL": 0, "MATRJL": 0, "FGSRJL": 0, "UTKRJL": 0, "TOLRJL": 0, "WLYRJL": 0, "AUTRJL": 0, "KLSRJL": 0, "SPCRJL": 0, "JPARJL": 0, "ARHRJL": 0, "STARJL": 0, "KLLRJL": null, "MEDRJL": 0, "LOCRJL": 0, "JARRJL": 0, "FCODE": null, "REMARK": "Jalan Lokal", "SRS_ID": null, "LCODE": "CA0080", "METADATA": null, "SHAPE_Leng": 0.00242138667, "Shape_Le_1": 267.07708351299999 }, "geometry": { "type": "MultiLineString", "coordinates": [ [ [ 110.371549250370592, -7.78831136470567, 112.815000000002328 ], [ 110.371597427019836, -7.788378061556811, 112.639999999999418 ], [ 110.371763825320997, -7.788552399575338, 112.740000000005239 ], [ 110.371911591992188, -7.788613303144614, 112.740000000005239 ], [ 110.373350612843851, -7.789005277561999, 113.289999999993597 ], [ 110.37379679703642, -7.788981243764945, 113.880000000004657 ] ] ] } },
{ "type": "Feature", "properties": { "OBJECTID": 64, "NAMRJL": null, "KONRJL": 0, "MATRJL": 0, "FGSRJL": 0, "UTKRJL": 0, "TOLRJL": 0, "WLYRJL": 0, "AUTRJL": 0, "KLSRJL": 0, "SPCRJL": 0, "JPARJL": 0, "ARHRJL": 0, "STARJL": 0, "KLLRJL": null, "MEDRJL": 0, "LOCRJL": 0, "JARRJL": 0, "FCODE": null, "REMARK": "Jalan Lokal", "SRS_ID": null, "LCODE": "CA0080", "METADATA": null, "SHAPE_Leng": 0.00111310321, "Shape_Le_1": 123.023395424 }, "geometry": { "type": "MultiLineString", "coordinates": [ [ [ 110.3819142058925, -7.787230387681234, 114.130000000004657 ], [ 110.381919068353866, -7.787186182147731, 114.190000000002328 ], [ 110.382118069298713, -7.786572090393503, 115.75 ], [ 110.382164932666171, -7.786285771579328, 116.580000000001746 ], [ 110.382253313447364, -7.786186421936153, 116.520000000004075 ] ] ] } },
{ "type": "Feature", "properties": { "OBJECTID": 65, "NAMRJL": null, "KONRJL": 0, "MATRJL": 0, "FGSRJL": 0, "UTKRJL": 0, "TOLRJL": 0, "WLYRJL": 0, "AUTRJL": 0, "KLSRJL": 0, "SPCRJL": 0, "JPARJL": 0, "ARHRJL": 0, "STARJL": 0, "KLLRJL": null, "MEDRJL": 0, "LOCRJL": 0, "JARRJL": 0, "FCODE": null, "REMARK": "Jalan Lokal", "SRS_ID": null, "LCODE": "CA0080", "METADATA": null, "SHAPE_Leng": 0.00093715702, "Shape_Le_1": 103.336767553 }, "geometry": { "type": "MultiLineString", "coordinates": [ [ [ 110.375628346681239, -7.784739810015036, 118.660000000003492 ], [ 110.375595776249284, -7.784753899595693, 118.539999999993597 ], [ 110.375448730554353, -7.784763307092429, 118.419999999998254 ], [ 110.375000338632404, -7.784738488823526, 117.971000000005006 ], [ 110.375000296916582, -7.784738486953028, 117.971000000005006 ], [ 110.374809437307604, -7.784727921338207, 117.779999999998836 ], [ 110.37469692454718, -7.784709249140836, 117.979999999995925 ] ] ] } },
{ "type": "Feature", "properties": { "OBJECTID": 66, "NAMRJL": null, "KONRJL": 0, "MATRJL": 0, "FGSRJL": 0, "UTKRJL": 0, "TOLRJL": 0, "WLYRJL": 0, "AUTRJL": 0, "KLSRJL": 0, "SPCRJL": 0, "JPARJL": 0, "ARHRJL": 0, "STARJL": 0, "KLLRJL": null, "MEDRJL": 0, "LOCRJL": 0, "JARRJL": 0, "FCODE": null, "REMARK": "Jalan Lokal", "SRS_ID": null, "LCODE": "CA0080", "METADATA": null, "SHAPE_Leng": 0.00216262809, "Shape_Le_1": 239.07482129 }, "geometry": { "type": "MultiLineString", "coordinates": [ [ [ 110.375135037602192, -7.781852557698532, 122.05000000000291 ], [ 110.375186157815293, -7.781719723896961, 122.669999999998254 ], [ 110.375206283350693, -7.781584284673171, 122.69999999999709 ], [ 110.375245969571452, -7.781284470024597, 122.410000000003492 ], [ 110.375487925321906, -7.779722153800881, 124.089999999996508 ] ] ] } },
{ "type": "Feature", "properties": { "OBJECTID": 67, "NAMRJL": null, "KONRJL": 0, "MATRJL": 0, "FGSRJL": 0, "UTKRJL": 0, "TOLRJL": 0, "WLYRJL": 0, "AUTRJL": 0, "KLSRJL": 0, "SPCRJL": 0, "JPARJL": 0, "ARHRJL": 0, "STARJL": 0, "KLLRJL": null, "MEDRJL": 0, "LOCRJL": 0, "JARRJL": 0, "FCODE": null, "REMARK": "Jalan Lokal", "SRS_ID": null, "LCODE": "CA0080", "METADATA": null, "SHAPE_Leng": 0.0018607841, "Shape_Le_1": 205.17486898600001 }, "geometry": { "type": "MultiLineString", "coordinates": [ [ [ 110.386821037122004, -7.784449518788111, 121.30000000000291 ], [ 110.386789886771425, -7.784447728038463, 121.30000000000291 ], [ 110.386326556313733, -7.784441115232462, 120.805500000002212 ], [ 110.384960372213186, -7.784433636835961, 120.221999999994296 ] ] ] } },
{ "type": "Feature", "properties": { "OBJECTID": 68, "NAMRJL": null, "KONRJL": 0, "MATRJL": 0, "FGSRJL": 0, "UTKRJL": 0, "TOLRJL": 0, "WLYRJL": 0, "AUTRJL": 0, "KLSRJL": 0, "SPCRJL": 0, "JPARJL": 0, "ARHRJL": 0, "STARJL": 0, "KLLRJL": null, "MEDRJL": 0, "LOCRJL": 0, "JARRJL": 0, "FCODE": null, "REMARK": "Jalan Lokal", "SRS_ID": null, "LCODE": "CA0080", "METADATA": null, "SHAPE_Leng": 0.00212230695, "Shape_Le_1": 234.025214928 }, "geometry": { "type": "MultiLineString", "coordinates": [ [ [ 110.389038552046117, -7.792020151012454, 110.309999999997672 ], [ 110.389764394997385, -7.7921596781631, 109.690000000002328 ], [ 110.390276527757933, -7.792241604666255, 109.668999999994412 ], [ 110.390510147999947, -7.792278980661013, 109.660000000003492 ], [ 110.391129057092982, -7.79238509269588, 110.0 ] ] ] } },
{ "type": "Feature", "properties": { "OBJECTID": 69, "NAMRJL": null, "KONRJL": 0, "MATRJL": 0, "FGSRJL": 0, "UTKRJL": 0, "TOLRJL": 0, "WLYRJL": 0, "AUTRJL": 0, "KLSRJL": 0, "SPCRJL": 0, "JPARJL": 0, "ARHRJL": 0, "STARJL": 0, "KLLRJL": null, "MEDRJL": 0, "LOCRJL": 0, "JARRJL": 0, "FCODE": null, "REMARK": "Jalan Lokal", "SRS_ID": null, "LCODE": "CA0080", "METADATA": null, "SHAPE_Leng": 0.00233915081, "Shape_Le_1": 258.437357405 }, "geometry": { "type": "MultiLineString", "coordinates": [ [ [ 110.387230022724893, -7.786024445412203, 118.380000000004657 ], [ 110.387272487670288, -7.785960330568199, 118.380000000004657 ], [ 110.387310281288791, -7.78592161768586, 118.539999999993597 ], [ 110.387757428614364, -7.785513187757541, 118.970000000001164 ], [ 110.387976408190056, -7.78522470137652, 119.660000000003492 ], [ 110.388092887208487, -7.785016930586475, 119.630000000004657 ], [ 110.388138482957416, -7.784770009597493, 120.029999999998836 ], [ 110.388121191989654, -7.784548297150452, 120.559999999997672 ], [ 110.388095921952598, -7.784287770414921, 120.619999999995343 ], [ 110.388078260427946, -7.784021418725253, 121.360000000000582 ] ] ] } },
{ "type": "Feature", "properties": { "OBJECTID": 70, "NAMRJL": null, "KONRJL": 0, "MATRJL": 0, "FGSRJL": 0, "UTKRJL": 0, "TOLRJL": 0, "WLYRJL": 0, "AUTRJL": 0, "KLSRJL": 0, "SPCRJL": 0, "JPARJL": 0, "ARHRJL": 0, "STARJL": 0, "KLLRJL": null, "MEDRJL": 0, "LOCRJL": 0, "JARRJL": 0, "FCODE": null, "REMARK": "Jalan Kolektor", "SRS_ID": null, "LCODE": "CA0080", "METADATA": null, "SHAPE_Leng": 0.00130384701, "Shape_Le_1": 144.13393718500001 }, "geometry": { "type": "MultiLineString", "coordinates": [ [ [ 110.372584651042089, -7.781695099043265, 119.220000000001164 ], [ 110.372431776934917, -7.78240510495605, 117.639999999999418 ], [ 110.372358238163869, -7.782732067757073, 117.110000000000582 ], [ 110.37232740389048, -7.782956947167671, 116.899999999994179 ], [ 110.37232781623085, -7.78297239684492, 116.860000000000582 ] ] ] } },
{ "type": "Feature", "properties": { "OBJECTID": 71, "NAMRJL": null, "KONRJL": 0, "MATRJL": 0, "FGSRJL": 0, "UTKRJL": 0, "TOLRJL": 0, "WLYRJL": 0, "AUTRJL": 0, "KLSRJL": 0, "SPCRJL": 0, "JPARJL": 0, "ARHRJL": 0, "STARJL": 0, "KLLRJL": null, "MEDRJL": 0, "LOCRJL": 0, "JARRJL": 0, "FCODE": null, "REMARK": "Jalan Lokal", "SRS_ID": null, "LCODE": "CA0080", "METADATA": null, "SHAPE_Leng": 0.00138633311, "Shape_Le_1": 153.267258505 }, "geometry": { "type": "MultiLineString", "coordinates": [ [ [ 110.384960372213186, -7.784433636835961, 120.221999999994296 ], [ 110.384961294328775, -7.784398334985323, 120.960000000006403 ], [ 110.384996812450694, -7.783656005566361, 120.220000000001164 ], [ 110.384991331040055, -7.783154481573386, 122.330000000001746 ], [ 110.384975922413133, -7.783049317595556, 122.330000000001746 ] ] ] } },
{ "type": "Feature", "properties": { "OBJECTID": 72, "NAMRJL": null, "KONRJL": 0, "MATRJL": 0, "FGSRJL": 0, "UTKRJL": 0, "TOLRJL": 0, "WLYRJL": 0, "AUTRJL": 0, "KLSRJL": 0, "SPCRJL": 0, "JPARJL": 0, "ARHRJL": 0, "STARJL": 0, "KLLRJL": null, "MEDRJL": 0, "LOCRJL": 0, "JARRJL": 0, "FCODE": null, "REMARK": "Jalan Lokal", "SRS_ID": null, "LCODE": "CA0080", "METADATA": null, "SHAPE_Leng": 0.00040022875, "Shape_Le_1": 44.131030557599999 }, "geometry": { "type": "MultiLineString", "coordinates": [ [ [ 110.380963514642175, -7.793473895865513, 107.679999999993015 ], [ 110.380928888447229, -7.793473836222805, 107.679999999993015 ], [ 110.380566185869156, -7.793427881407221, 107.770000000004075 ] ] ] } },
{ "type": "Feature", "properties": { "OBJECTID": 73, "NAMRJL": null, "KONRJL": 0, "MATRJL": 0, "FGSRJL": 0, "UTKRJL": 0, "TOLRJL": 0, "WLYRJL": 0, "AUTRJL": 0, "KLSRJL": 0, "SPCRJL": 0, "JPARJL": 0, "ARHRJL": 0, "STARJL": 0, "KLLRJL": null, "MEDRJL": 0, "LOCRJL": 0, "JARRJL": 0, "FCODE": null, "REMARK": "Jalan Lokal", "SRS_ID": null, "LCODE": "CA0080", "METADATA": null, "SHAPE_Leng": 0.00340101004, "Shape_Le_1": 375.06912489299998 }, "geometry": { "type": "MultiLineString", "coordinates": [ [ [ 110.3819142058925, -7.787230387681234, 114.130000000004657 ], [ 110.381829912067147, -7.787220414634718, 114.160000000003492 ], [ 110.381662978835607, -7.787247369930263, 114.190000000002328 ], [ 110.381530110196408, -7.787267988985992, 113.759999999994761 ], [ 110.381111582283168, -7.787376987190902, 113.759999999994761 ], [ 110.381047129976764, -7.787399388350062, 113.759999999994761 ], [ 110.380976215259096, -7.787431404085689, 113.759999999994761 ], [ 110.380619273602491, -7.787524120006458, 113.600000000005821 ], [ 110.380407249254176, -7.787556056098165, 113.669999999998254 ], [ 110.380102104888238, -7.787523653585407, 113.979999999995925 ], [ 110.379634732202803, -7.787359244029848, 114.660000000003492 ], [ 110.379397601450961, -7.787275827406603, 115.0 ], [ 110.378629709015556, -7.787061806562396, 116.649999999994179 ] ] ] } },
{ "type": "Feature", "properties": { "OBJECTID": 74, "NAMRJL": null, "KONRJL": 0, "MATRJL": 0, "FGSRJL": 0, "UTKRJL": 0, "TOLRJL": 0, "WLYRJL": 0, "AUTRJL": 0, "KLSRJL": 0, "SPCRJL": 0, "JPARJL": 0, "ARHRJL": 0, "STARJL": 0, "KLLRJL": null, "MEDRJL": 0, "LOCRJL": 0, "JARRJL": 0, "FCODE": null, "REMARK": "Jalan Lokal", "SRS_ID": null, "LCODE": "CA0080", "METADATA": null, "SHAPE_Leng": 0.00080516623, "Shape_Le_1": 88.833292647199997 }, "geometry": { "type": "MultiLineString", "coordinates": [ [ [ 110.37225475442574, -7.787933148172561, 113.759999999994761 ], [ 110.372226413066613, -7.787969512809403, 113.639999999999418 ], [ 110.372070358253481, -7.788035798590927, 113.259999999994761 ], [ 110.37182587924768, -7.788161761425517, 112.830000000001746 ], [ 110.371549250370592, -7.78831136470567, 112.815000000002328 ] ] ] } },
{ "type": "Feature", "properties": { "OBJECTID": 75, "NAMRJL": null, "KONRJL": 0, "MATRJL": 0, "FGSRJL": 0, "UTKRJL": 0, "TOLRJL": 0, "WLYRJL": 0, "AUTRJL": 0, "KLSRJL": 0, "SPCRJL": 0, "JPARJL": 0, "ARHRJL": 0, "STARJL": 0, "KLLRJL": null, "MEDRJL": 0, "LOCRJL": 0, "JARRJL": 0, "FCODE": null, "REMARK": "Jalan Lokal", "SRS_ID": null, "LCODE": "CA0080", "METADATA": null, "SHAPE_Leng": 0.00201222567, "Shape_Le_1": 222.45017759800001 }, "geometry": { "type": "MultiLineString", "coordinates": [ [ [ 110.387897634314371, -7.789772070596186, 113.919999999998254 ], [ 110.387918088616289, -7.78996376674078, 113.639999999999418 ], [ 110.387994711967323, -7.790391296633843, 112.80000000000291 ], [ 110.388010346653317, -7.790623101027949, 112.669999999998254 ], [ 110.387956909802128, -7.790810421149949, 112.460000000006403 ], [ 110.387879431649552, -7.791165141188103, 112.210000000006403 ], [ 110.387852804193031, -7.791527089366414, 111.520000000004075 ], [ 110.387845864893208, -7.791758951591204, 110.589999999996508 ] ] ] } },
{ "type": "Feature", "properties": { "OBJECTID": 76, "NAMRJL": null, "KONRJL": 0, "MATRJL": 0, "FGSRJL": 0, "UTKRJL": 0, "TOLRJL": 0, "WLYRJL": 0, "AUTRJL": 0, "KLSRJL": 0, "SPCRJL": 0, "JPARJL": 0, "ARHRJL": 0, "STARJL": 0, "KLLRJL": null, "MEDRJL": 0, "LOCRJL": 0, "JARRJL": 0, "FCODE": null, "REMARK": "Jalan Lokal", "SRS_ID": null, "LCODE": "CA0080", "METADATA": null, "SHAPE_Leng": 0.00034601566, "Shape_Le_1": 38.153313912000002 }, "geometry": { "type": "MultiLineString", "coordinates": [ [ [ 110.388052601378291, -7.787304805952609, 116.710000000006403 ], [ 110.387975488829952, -7.78730203537162, 116.80000000000291 ], [ 110.387708313449494, -7.787272044849067, 116.827999999994063 ] ] ] } },
{ "type": "Feature", "properties": { "OBJECTID": 77, "NAMRJL": null, "KONRJL": 0, "MATRJL": 0, "FGSRJL": 0, "UTKRJL": 0, "TOLRJL": 0, "WLYRJL": 0, "AUTRJL": 0, "KLSRJL": 0, "SPCRJL": 0, "JPARJL": 0, "ARHRJL": 0, "STARJL": 0, "KLLRJL": null, "MEDRJL": 0, "LOCRJL": 0, "JARRJL": 0, "FCODE": null, "REMARK": "Jalan Lokal", "SRS_ID": null, "LCODE": "CA0080", "METADATA": null, "SHAPE_Leng": 0.0014596416, "Shape_Le_1": 161.339543666 }, "geometry": { "type": "MultiLineString", "coordinates": [ [ [ 110.384018602260355, -7.784451527201506, 119.600000000005821 ], [ 110.384003388787136, -7.784348887991673, 120.619999999995343 ], [ 110.38378835744291, -7.783628564405221, 120.960000000006403 ], [ 110.383678642104925, -7.783252371399102, 121.429999999993015 ], [ 110.383635696813357, -7.78312986494009, 120.639999999999418 ], [ 110.383613021638709, -7.783050577570958, 120.119999999995343 ] ] ] } },
{ "type": "Feature", "properties": { "OBJECTID": 78, "NAMRJL": null, "KONRJL": 0, "MATRJL": 0, "FGSRJL": 0, "UTKRJL": 0, "TOLRJL": 0, "WLYRJL": 0, "AUTRJL": 0, "KLSRJL": 0, "SPCRJL": 0, "JPARJL": 0, "ARHRJL": 0, "STARJL": 0, "KLLRJL": null, "MEDRJL": 0, "LOCRJL": 0, "JARRJL": 0, "FCODE": null, "REMARK": "Jalan Lokal", "SRS_ID": null, "LCODE": "CA0080", "METADATA": null, "SHAPE_Leng": 0.00143307192, "Shape_Le_1": 2.2447921949 }, "geometry": { "type": "MultiLineString", "coordinates": [ [ [ 110.389519928686568, -7.793068368578425, 109.850000000005821 ], [ 110.38950486414258, -7.793054710409796, 109.850000000005821 ] ] ] } },
{ "type": "Feature", "properties": { "OBJECTID": 79, "NAMRJL": null, "KONRJL": 0, "MATRJL": 0, "FGSRJL": 0, "UTKRJL": 0, "TOLRJL": 0, "WLYRJL": 0, "AUTRJL": 0, "KLSRJL": 0, "SPCRJL": 0, "JPARJL": 0, "ARHRJL": 0, "STARJL": 0, "KLLRJL": null, "MEDRJL": 0, "LOCRJL": 0, "JARRJL": 0, "FCODE": null, "REMARK": "Jalan Lokal", "SRS_ID": null, "LCODE": "CA0080", "METADATA": null, "SHAPE_Leng": 0.00059037433, "Shape_Le_1": 65.268259195599995 }, "geometry": { "type": "MultiLineString", "coordinates": [ [ [ 110.391218944713813, -7.788371934308061, 114.850000000005821 ], [ 110.391258131043855, -7.788078330730261, 114.940000000002328 ], [ 110.391252823806596, -7.787784210997262, 115.047999999995227 ] ] ] } },
{ "type": "Feature", "properties": { "OBJECTID": 80, "NAMRJL": null, "KONRJL": 0, "MATRJL": 0, "FGSRJL": 0, "UTKRJL": 0, "TOLRJL": 0, "WLYRJL": 0, "AUTRJL": 0, "KLSRJL": 0, "SPCRJL": 0, "JPARJL": 0, "ARHRJL": 0, "STARJL": 0, "KLLRJL": null, "MEDRJL": 0, "LOCRJL": 0, "JARRJL": 0, "FCODE": null, "REMARK": "Jalan Lokal", "SRS_ID": null, "LCODE": "CA0080", "METADATA": null, "SHAPE_Leng": 0.00057024622, "Shape_Le_1": 63.044350246999997 }, "geometry": { "type": "MultiLineString", "coordinates": [ [ [ 110.380586053673142, -7.793997780814172, 106.990000000005239 ], [ 110.380566185869156, -7.793427881407221, 107.770000000004075 ] ] ] } },
{ "type": "Feature", "properties": { "OBJECTID": 81, "NAMRJL": null, "KONRJL": 0, "MATRJL": 0, "FGSRJL": 0, "UTKRJL": 0, "TOLRJL": 0, "WLYRJL": 0, "AUTRJL": 0, "KLSRJL": 0, "SPCRJL": 0, "JPARJL": 0, "ARHRJL": 0, "STARJL": 0, "KLLRJL": null, "MEDRJL": 0, "LOCRJL": 0, "JARRJL": 0, "FCODE": null, "REMARK": "Jalan Lokal", "SRS_ID": null, "LCODE": "CA0080", "METADATA": null, "SHAPE_Leng": 0.00292712956, "Shape_Le_1": 322.75789071200001 }, "geometry": { "type": "MultiLineString", "coordinates": [ [ [ 110.384060753650161, -7.786173755898127, 117.860000000000582 ], [ 110.38417114571439, -7.786161008821867, 117.960000000006403 ], [ 110.385595143970903, -7.786198928553962, 118.380000000004657 ], [ 110.386798668831176, -7.786167575424748, 118.570000000006985 ], [ 110.386976893196149, -7.786109112043526, 118.380000000004657 ] ] ] } },
{ "type": "Feature", "properties": { "OBJECTID": 82, "NAMRJL": null, "KONRJL": 0, "MATRJL": 0, "FGSRJL": 0, "UTKRJL": 0, "TOLRJL": 0, "WLYRJL": 0, "AUTRJL": 0, "KLSRJL": 0, "SPCRJL": 0, "JPARJL": 0, "ARHRJL": 0, "STARJL": 0, "KLLRJL": null, "MEDRJL": 0, "LOCRJL": 0, "JARRJL": 0, "FCODE": null, "REMARK": "Jalan Lokal", "SRS_ID": null, "LCODE": "CA0080", "METADATA": null, "SHAPE_Leng": 0.00266091794, "Shape_Le_1": 293.97598668900002 }, "geometry": { "type": "MultiLineString", "coordinates": [ [ [ 110.368659398756535, -7.78785153169563, 107.580000000001746 ], [ 110.368588021793244, -7.78735581742038, 107.919999999998254 ], [ 110.36856321937492, -7.786954619762517, 107.919999999998254 ], [ 110.368621421821118, -7.786660649800024, 108.419999999998254 ], [ 110.368654169893546, -7.786582648278194, 108.573999999993248 ], [ 110.368759276651701, -7.786332354611234, 109.070000000006985 ], [ 110.368851510886998, -7.786211395922542, 109.570000000006985 ], [ 110.369220279118949, -7.785833949308848, 112.080000000001746 ], [ 110.369365001758865, -7.785746191770858, 112.110000000000582 ], [ 110.369584431564462, -7.785619587933311, 113.19999999999709 ] ] ] } },
{ "type": "Feature", "properties": { "OBJECTID": 83, "NAMRJL": null, "KONRJL": 0, "MATRJL": 0, "FGSRJL": 0, "UTKRJL": 0, "TOLRJL": 0, "WLYRJL": 0, "AUTRJL": 0, "KLSRJL": 0, "SPCRJL": 0, "JPARJL": 0, "ARHRJL": 0, "STARJL": 0, "KLLRJL": null, "MEDRJL": 0, "LOCRJL": 0, "JARRJL": 0, "FCODE": null, "REMARK": "Jalan Lokal", "SRS_ID": null, "LCODE": "CA0080", "METADATA": null, "SHAPE_Leng": 0.00146134186, "Shape_Le_1": 161.51328073100001 }, "geometry": { "type": "MultiLineString", "coordinates": [ [ [ 110.386821037122004, -7.784449518788111, 121.30000000000291 ], [ 110.3870780473991, -7.784115084233982, 121.889999999999418 ], [ 110.387156064018427, -7.783126643961741, 123.360000000000582 ], [ 110.387154111301143, -7.783078638551878, 123.19999999999709 ] ] ] } },
{ "type": "Feature", "properties": { "OBJECTID": 84, "NAMRJL": null, "KONRJL": 0, "MATRJL": 0, "FGSRJL": 0, "UTKRJL": 0, "TOLRJL": 0, "WLYRJL": 0, "AUTRJL": 0, "KLSRJL": 0, "SPCRJL": 0, "JPARJL": 0, "ARHRJL": 0, "STARJL": 0, "KLLRJL": null, "MEDRJL": 0, "LOCRJL": 0, "JARRJL": 0, "FCODE": null, "REMARK": "Jalan Lokal", "SRS_ID": null, "LCODE": "CA0080", "METADATA": null, "SHAPE_Leng": 0.00282828123, "Shape_Le_1": 311.86310386399998 }, "geometry": { "type": "MultiLineString", "coordinates": [ [ [ 110.386995431761989, -7.78718797126424, 117.020000000004075 ], [ 110.386967551798691, -7.787188546023313, 116.990000000005239 ], [ 110.386747692659796, -7.787157628351955, 116.710000000006403 ], [ 110.386269859577936, -7.787049788179052, 116.309999999997672 ], [ 110.385505420394594, -7.786971408305631, 115.960000000006403 ], [ 110.384508137283802, -7.786923098892131, 115.679999999993015 ], [ 110.384186782953179, -7.786936227119969, 115.869999999995343 ] ] ] } },
{ "type": "Feature", "properties": { "OBJECTID": 85, "NAMRJL": null, "KONRJL": 0, "MATRJL": 0, "FGSRJL": 0, "UTKRJL": 0, "TOLRJL": 0, "WLYRJL": 0, "AUTRJL": 0, "KLSRJL": 0, "SPCRJL": 0, "JPARJL": 0, "ARHRJL": 0, "STARJL": 0, "KLLRJL": null, "MEDRJL": 0, "LOCRJL": 0, "JARRJL": 0, "FCODE": null, "REMARK": "Jalan Lokal", "SRS_ID": null, "LCODE": "CA0080", "METADATA": null, "SHAPE_Leng": 0.00012181503, "Shape_Le_1": 13.465687204 }, "geometry": { "type": "MultiLineString", "coordinates": [ [ [ 110.387768268851673, -7.788071747563989, 116.029999999998836 ], [ 110.387795388129518, -7.787952989605491, 115.990000000005239 ] ] ] } },
{ "type": "Feature", "properties": { "OBJECTID": 86, "NAMRJL": null, "KONRJL": 0, "MATRJL": 0, "FGSRJL": 0, "UTKRJL": 0, "TOLRJL": 0, "WLYRJL": 0, "AUTRJL": 0, "KLSRJL": 0, "SPCRJL": 0, "JPARJL": 0, "ARHRJL": 0, "STARJL": 0, "KLLRJL": null, "MEDRJL": 0, "LOCRJL": 0, "JARRJL": 0, "FCODE": null, "REMARK": "Jalan Lokal", "SRS_ID": null, "LCODE": "CA0080", "METADATA": null, "SHAPE_Leng": 0.00062052881, "Shape_Le_1": 68.426981618499994 }, "geometry": { "type": "MultiLineString", "coordinates": [ [ [ 110.389038552046117, -7.792020151012454, 110.309999999997672 ], [ 110.388583150331087, -7.791949973150571, 110.279999999998836 ], [ 110.388430334385376, -7.791903414343951, 111.059999999997672 ] ] ] } },
{ "type": "Feature", "properties": { "OBJECTID": 87, "NAMRJL": null, "KONRJL": 0, "MATRJL": 0, "FGSRJL": 0, "UTKRJL": 0, "TOLRJL": 0, "WLYRJL": 0, "AUTRJL": 0, "KLSRJL": 0, "SPCRJL": 0, "JPARJL": 0, "ARHRJL": 0, "STARJL": 0, "KLLRJL": null, "MEDRJL": 0, "LOCRJL": 0, "JARRJL": 0, "FCODE": null, "REMARK": "Jalan Lokal", "SRS_ID": null, "LCODE": "CA0080", "METADATA": null, "SHAPE_Leng": 0.00089868835, "Shape_Le_1": 99.234084635399995 }, "geometry": { "type": "MultiLineString", "coordinates": [ [ [ 110.386220124267822, -7.785098461751836, 120.190000000002328 ], [ 110.386367297315317, -7.785019701577935, 120.740000000005239 ], [ 110.386507033241884, -7.784891228428545, 120.779999999998836 ], [ 110.386821037122004, -7.784449518788111, 121.30000000000291 ] ] ] } },
{ "type": "Feature", "properties": { "OBJECTID": 88, "NAMRJL": null, "KONRJL": 0, "MATRJL": 0, "FGSRJL": 0, "UTKRJL": 0, "TOLRJL": 0, "WLYRJL": 0, "AUTRJL": 0, "KLSRJL": 0, "SPCRJL": 0, "JPARJL": 0, "ARHRJL": 0, "STARJL": 0, "KLLRJL": null, "MEDRJL": 0, "LOCRJL": 0, "JARRJL": 0, "FCODE": null, "REMARK": "Jalan Arteri", "SRS_ID": null, "LCODE": "CA0080", "METADATA": null, "SHAPE_Leng": 0.0023053944, "Shape_Le_1": 254.199309873 }, "geometry": { "type": "MultiLineString", "coordinates": [ [ [ 110.387978663386491, -7.783082452086341, 123.19999999999709 ], [ 110.388056939293094, -7.783082972045051, 123.19999999999709 ], [ 110.389857442202498, -7.783099458958274, 121.860000000000582 ], [ 110.390283963639391, -7.783103174715987, 121.513000000006286 ] ] ] } },
{ "type": "Feature", "properties": { "OBJECTID": 89, "NAMRJL": null, "KONRJL": 0, "MATRJL": 0, "FGSRJL": 0, "UTKRJL": 0, "TOLRJL": 0, "WLYRJL": 0, "AUTRJL": 0, "KLSRJL": 0, "SPCRJL": 0, "JPARJL": 0, "ARHRJL": 0, "STARJL": 0, "KLLRJL": null, "MEDRJL": 0, "LOCRJL": 0, "JARRJL": 0, "FCODE": null, "REMARK": "Jalan Lokal", "SRS_ID": null, "LCODE": "CA0080", "METADATA": null, "SHAPE_Leng": 0.0022183691, "Shape_Le_1": 244.78702328700001 }, "geometry": { "type": "MultiLineString", "coordinates": [ [ [ 110.373130315031261, -7.78787896097822, 113.880000000004657 ], [ 110.373158743333775, -7.787954883434372, 113.880000000004657 ], [ 110.373340401433524, -7.788205429586224, 114.009999999994761 ], [ 110.373491100597974, -7.788355909877549, 114.100000000005821 ], [ 110.37369780117784, -7.788464900583481, 114.130000000004657 ], [ 110.373921266799883, -7.78855845060862, 114.039999999993597 ], [ 110.374022122336413, -7.788579873679172, 113.880000000004657 ], [ 110.374217263006031, -7.78857668756554, 113.880000000004657 ], [ 110.374577574861036, -7.788524361427999, 114.009999999994761 ], [ 110.374765001436245, -7.788445745442734, 114.229999999995925 ], [ 110.374789896100111, -7.788433354160374, 114.289999999993597 ], [ 110.374965009387608, -7.788272600148592, 114.660000000003492 ], [ 110.374969825228817, -7.788266465610245, 114.660000000003492 ] ] ] } },
{ "type": "Feature", "properties": { "OBJECTID": 90, "NAMRJL": null, "KONRJL": 0, "MATRJL": 0, "FGSRJL": 0, "UTKRJL": 0, "TOLRJL": 0, "WLYRJL": 0, "AUTRJL": 0, "KLSRJL": 0, "SPCRJL": 0, "JPARJL": 0, "ARHRJL": 0, "STARJL": 0, "KLLRJL": null, "MEDRJL": 0, "LOCRJL": 0, "JARRJL": 0, "FCODE": null, "REMARK": "Jalan Lokal", "SRS_ID": null, "LCODE": "CA0080", "METADATA": null, "SHAPE_Leng": 0.00131999944, "Shape_Le_1": 145.923367429 }, "geometry": { "type": "MultiLineString", "coordinates": [ [ [ 110.374729019983235, -7.784281371613267, 119.009999999994761 ], [ 110.374774484653173, -7.783956673427129, 119.350000000005821 ], [ 110.374953964600522, -7.783001890292343, 119.806500000006054 ], [ 110.374956062780328, -7.782981369993801, 119.690000000002328 ] ] ] } },
{ "type": "Feature", "properties": { "OBJECTID": 91, "NAMRJL": null, "KONRJL": 0, "MATRJL": 0, "FGSRJL": 0, "UTKRJL": 0, "TOLRJL": 0, "WLYRJL": 0, "AUTRJL": 0, "KLSRJL": 0, "SPCRJL": 0, "JPARJL": 0, "ARHRJL": 0, "STARJL": 0, "KLLRJL": null, "MEDRJL": 0, "LOCRJL": 0, "JARRJL": 0, "FCODE": null, "REMARK": "Jalan Lokal", "SRS_ID": null, "LCODE": "CA0080", "METADATA": null, "SHAPE_Leng": 0.00331058422, "Shape_Le_1": 1.6244513968700001 }, "geometry": { "type": "MultiLineString", "coordinates": [ [ [ 110.389128496727935, -7.780383435844088, 127.660000000003492 ], [ 110.389143145744029, -7.780384997321254, 127.660000000003492 ] ] ] } },
{ "type": "Feature", "properties": { "OBJECTID": 92, "NAMRJL": null, "KONRJL": 0, "MATRJL": 0, "FGSRJL": 0, "UTKRJL": 0, "TOLRJL": 0, "WLYRJL": 0, "AUTRJL": 0, "KLSRJL": 0, "SPCRJL": 0, "JPARJL": 0, "ARHRJL": 0, "STARJL": 0, "KLLRJL": null, "MEDRJL": 0, "LOCRJL": 0, "JARRJL": 0, "FCODE": null, "REMARK": "Jalan Arteri", "SRS_ID": null, "LCODE": "CA0080", "METADATA": null, "SHAPE_Leng": 0.00085490314, "Shape_Le_1": 94.264547799 }, "geometry": { "type": "MultiLineString", "coordinates": [ [ [ 110.371473080609746, -7.782959028904, 116.398700000005192 ], [ 110.372031322441728, -7.782962795326963, 116.444300000002841 ], [ 110.37232781623085, -7.78297239684492, 116.860000000000582 ] ] ] } },
{ "type": "Feature", "properties": { "OBJECTID": 93, "NAMRJL": null, "KONRJL": 0, "MATRJL": 0, "FGSRJL": 0, "UTKRJL": 0, "TOLRJL": 0, "WLYRJL": 0, "AUTRJL": 0, "KLSRJL": 0, "SPCRJL": 0, "JPARJL": 0, "ARHRJL": 0, "STARJL": 0, "KLLRJL": null, "MEDRJL": 0, "LOCRJL": 0, "JARRJL": 0, "FCODE": null, "REMARK": "Jalan Lokal", "SRS_ID": null, "LCODE": "CA0080", "METADATA": null, "SHAPE_Leng": 0.00087220132, "Shape_Le_1": 96.422534465599995 }, "geometry": { "type": "MultiLineString", "coordinates": [ [ [ 110.393508878268577, -7.789437407150097, 111.710000000006403 ], [ 110.393621915413689, -7.788690231132566, 111.710000000006403 ], [ 110.39362623936772, -7.788573788196085, 112.736199999999371 ] ] ] } },
{ "type": "Feature", "properties": { "OBJECTID": 94, "NAMRJL": null, "KONRJL": 0, "MATRJL": 0, "FGSRJL": 0, "UTKRJL": 0, "TOLRJL": 0, "WLYRJL": 0, "AUTRJL": 0, "KLSRJL": 0, "SPCRJL": 0, "JPARJL": 0, "ARHRJL": 0, "STARJL": 0, "KLLRJL": null, "MEDRJL": 0, "LOCRJL": 0, "JARRJL": 0, "FCODE": null, "REMARK": "Jalan Lokal", "SRS_ID": null, "LCODE": "CA0080", "METADATA": null, "SHAPE_Leng": 0.00042652778, "Shape_Le_1": 47.135027113500001 }, "geometry": { "type": "MultiLineString", "coordinates": [ [ [ 110.371263235418454, -7.784177963825024, 115.559999999997672 ], [ 110.371284565442039, -7.784288064592284, 115.589999999996508 ], [ 110.371428612174185, -7.784567501828824, 115.5 ] ] ] } },
{ "type": "Feature", "properties": { "OBJECTID": 95, "NAMRJL": null, "KONRJL": 0, "MATRJL": 0, "FGSRJL": 0, "UTKRJL": 0, "TOLRJL": 0, "WLYRJL": 0, "AUTRJL": 0, "KLSRJL": 0, "SPCRJL": 0, "JPARJL": 0, "ARHRJL": 0, "STARJL": 0, "KLLRJL": null, "MEDRJL": 0, "LOCRJL": 0, "JARRJL": 0, "FCODE": null, "REMARK": "Jalan Lokal", "SRS_ID": null, "LCODE": "CA0080", "METADATA": null, "SHAPE_Leng": 0.00092748613, "Shape_Le_1": 33.461036926600002 }, "geometry": { "type": "MultiLineString", "coordinates": [ [ [ 110.382724874271787, -7.796514473003566, 104.789999999993597 ], [ 110.382690481716082, -7.796751490373993, 104.812799999999697 ] ], [ [ 110.382668229912568, -7.796866388105276, 104.801900000005844 ], [ 110.382651067384955, -7.796927197933555, 104.774900000003981 ] ] ] } },
{ "type": "Feature", "properties": { "OBJECTID": 96, "NAMRJL": null, "KONRJL": 0, "MATRJL": 0, "FGSRJL": 0, "UTKRJL": 0, "TOLRJL": 0, "WLYRJL": 0, "AUTRJL": 0, "KLSRJL": 0, "SPCRJL": 0, "JPARJL": 0, "ARHRJL": 0, "STARJL": 0, "KLLRJL": null, "MEDRJL": 0, "LOCRJL": 0, "JARRJL": 0, "FCODE": null, "REMARK": "Jalan Lokal", "SRS_ID": null, "LCODE": "CA0080", "METADATA": null, "SHAPE_Leng": 0.00131559885, "Shape_Le_1": 145.25578865099999 }, "geometry": { "type": "MultiLineString", "coordinates": [ [ [ 110.382724874271787, -7.796514473003566, 104.789999999993597 ], [ 110.382695781047445, -7.796420406440199, 105.320000000006985 ], [ 110.382491923161751, -7.795982650442061, 106.220000000001164 ], [ 110.382344902572996, -7.795873261302542, 106.220000000001164 ], [ 110.382154465271796, -7.795747274280736, 106.220000000001164 ], [ 110.381855540142894, -7.795625841371234, 106.369999999995343 ] ] ] } },
{ "type": "Feature", "properties": { "OBJECTID": 97, "NAMRJL": null, "KONRJL": 0, "MATRJL": 0, "FGSRJL": 0, "UTKRJL": 0, "TOLRJL": 0, "WLYRJL": 0, "AUTRJL": 0, "KLSRJL": 0, "SPCRJL": 0, "JPARJL": 0, "ARHRJL": 0, "STARJL": 0, "KLLRJL": null, "MEDRJL": 0, "LOCRJL": 0, "JARRJL": 0, "FCODE": null, "REMARK": "Jalan Lokal", "SRS_ID": null, "LCODE": "CA0080", "METADATA": null, "SHAPE_Leng": 0.00359098322, "Shape_Le_1": 213.55673248 }, "geometry": { "type": "MultiLineString", "coordinates": [ [ [ 110.39136496364425, -7.786196161069799, 116.460000000006403 ], [ 110.391392803437256, -7.786198878393503, 116.460000000006403 ], [ 110.392753104548817, -7.786294464059114, 116.810100000002421 ] ], [ [ 110.393590232179037, -7.786385881165402, 116.567899999994552 ], [ 110.39413204426468, -7.786446106778488, 116.372199999997974 ] ] ] } },
{ "type": "Feature", "properties": { "OBJECTID": 98, "NAMRJL": null, "KONRJL": 0, "MATRJL": 0, "FGSRJL": 0, "UTKRJL": 0, "TOLRJL": 0, "WLYRJL": 0, "AUTRJL": 0, "KLSRJL": 0, "SPCRJL": 0, "JPARJL": 0, "ARHRJL": 0, "STARJL": 0, "KLLRJL": null, "MEDRJL": 0, "LOCRJL": 0, "JARRJL": 0, "FCODE": null, "REMARK": "Jalan Lokal", "SRS_ID": null, "LCODE": "CA0080", "METADATA": null, "SHAPE_Leng": 0.00151049219, "Shape_Le_1": 166.92455801599999 }, "geometry": { "type": "MultiLineString", "coordinates": [ [ [ 110.380728705772654, -7.791752354676304, 110.130000000004657 ], [ 110.380754441168691, -7.791711607788009, 110.220000000001164 ], [ 110.380855477374382, -7.791456519897672, 110.619999999995343 ], [ 110.381140673821548, -7.790863756711436, 111.619999999995343 ], [ 110.381262336359441, -7.790600449638587, 112.110000000000582 ], [ 110.381307161130664, -7.790431009286046, 111.789999999993597 ], [ 110.381318002126633, -7.790367121246564, 111.619999999995343 ] ] ] } },
{ "type": "Feature", "properties": { "OBJECTID": 99, "NAMRJL": null, "KONRJL": 0, "MATRJL": 0, "FGSRJL": 0, "UTKRJL": 0, "TOLRJL": 0, "WLYRJL": 0, "AUTRJL": 0, "KLSRJL": 0, "SPCRJL": 0, "JPARJL": 0, "ARHRJL": 0, "STARJL": 0, "KLLRJL": null, "MEDRJL": 0, "LOCRJL": 0, "JARRJL": 0, "FCODE": null, "REMARK": "Jalan Lokal", "SRS_ID": null, "LCODE": "CA0080", "METADATA": null, "SHAPE_Leng": 0.00011624889, "Shape_Le_1": 12.852020487900001 }, "geometry": { "type": "MultiLineString", "coordinates": [ [ [ 110.39362623936772, -7.788573788196085, 113.759999999994761 ], [ 110.393630574711608, -7.788457620247705, 113.759999999994761 ] ] ] } },
{ "type": "Feature", "properties": { "OBJECTID": 100, "NAMRJL": null, "KONRJL": 0, "MATRJL": 0, "FGSRJL": 0, "UTKRJL": 0, "TOLRJL": 0, "WLYRJL": 0, "AUTRJL": 0, "KLSRJL": 0, "SPCRJL": 0, "JPARJL": 0, "ARHRJL": 0, "STARJL": 0, "KLLRJL": null, "MEDRJL": 0, "LOCRJL": 0, "JARRJL": 0, "FCODE": null, "REMARK": "Jalan Lokal", "SRS_ID": null, "LCODE": "CA0080", "METADATA": null, "SHAPE_Leng": 0.00153021109, "Shape_Le_1": 168.74469077200001 }, "geometry": { "type": "MultiLineString", "coordinates": [ [ [ 110.375970907444042, -7.786134312882439, 116.770000000004075 ], [ 110.375942101798458, -7.78612863537632, 116.770000000004075 ], [ 110.375000303162494, -7.785986623725472, 116.092000000004191 ], [ 110.375000261451902, -7.785986618236929, 116.092000000004191 ], [ 110.374997555791154, -7.785986203600371, 116.089999999996508 ], [ 110.374496527152488, -7.785861139607419, 116.649999999994179 ], [ 110.374476179584576, -7.785840161086434, 116.929999999993015 ] ] ] } },
{ "type": "Feature", "properties": { "OBJECTID": 101, "NAMRJL": null, "KONRJL": 0, "MATRJL": 0, "FGSRJL": 0, "UTKRJL": 0, "TOLRJL": 0, "WLYRJL": 0, "AUTRJL": 0, "KLSRJL": 0, "SPCRJL": 0, "JPARJL": 0, "ARHRJL": 0, "STARJL": 0, "KLLRJL": null, "MEDRJL": 0, "LOCRJL": 0, "JARRJL": 0, "FCODE": null, "REMARK": "Jalan Lokal", "SRS_ID": null, "LCODE": "CA0080", "METADATA": null, "SHAPE_Leng": 0.0005861443, "Shape_Le_1": 2.22977845016 }, "geometry": { "type": "MultiLineString", "coordinates": [ [ [ 110.389505964115045, -7.793074849202124, 109.828699999998207 ], [ 110.38950486414258, -7.793054710409796, 109.850000000005821 ] ] ] } },
{ "type": "Feature", "properties": { "OBJECTID": 102, "NAMRJL": null, "KONRJL": 0, "MATRJL": 0, "FGSRJL": 0, "UTKRJL": 0, "TOLRJL": 0, "WLYRJL": 0, "AUTRJL": 0, "KLSRJL": 0, "SPCRJL": 0, "JPARJL": 0, "ARHRJL": 0, "STARJL": 0, "KLLRJL": null, "MEDRJL": 0, "LOCRJL": 0, "JARRJL": 0, "FCODE": null, "REMARK": "Jalan Lokal", "SRS_ID": null, "LCODE": "CA0080", "METADATA": null, "SHAPE_Leng": 0.00089353948, "Shape_Le_1": 98.747077368800007 }, "geometry": { "type": "MultiLineString", "coordinates": [ [ [ 110.37190651717107, -7.785961755243208, 114.69199999999546 ], [ 110.372034468056626, -7.786240977634888, 115.440000000002328 ], [ 110.372242015630519, -7.786754866844846, 115.029999999998836 ], [ 110.372253969845403, -7.78678474157866, 114.970000000001164 ] ] ] } },
{ "type": "Feature", "properties": { "OBJECTID": 103, "NAMRJL": null, "KONRJL": 0, "MATRJL": 0, "FGSRJL": 0, "UTKRJL": 0, "TOLRJL": 0, "WLYRJL": 0, "AUTRJL": 0, "KLSRJL": 0, "SPCRJL": 0, "JPARJL": 0, "ARHRJL": 0, "STARJL": 0, "KLLRJL": null, "MEDRJL": 0, "LOCRJL": 0, "JARRJL": 0, "FCODE": null, "REMARK": "Jalan Arteri", "SRS_ID": null, "LCODE": "CA0080", "METADATA": null, "SHAPE_Leng": 0.00022252764, "Shape_Le_1": 24.536646430099999 }, "geometry": { "type": "MultiLineString", "coordinates": [ [ [ 110.387756173602327, -7.783078304928822, 123.19999999999709 ], [ 110.387978663386491, -7.783082452086341, 123.19999999999709 ] ] ] } },
{ "type": "Feature", "properties": { "OBJECTID": 104, "NAMRJL": null, "KONRJL": 0, "MATRJL": 0, "FGSRJL": 0, "UTKRJL": 0, "TOLRJL": 0, "WLYRJL": 0, "AUTRJL": 0, "KLSRJL": 0, "SPCRJL": 0, "JPARJL": 0, "ARHRJL": 0, "STARJL": 0, "KLLRJL": null, "MEDRJL": 0, "LOCRJL": 0, "JARRJL": 0, "FCODE": null, "REMARK": "Jalan Lokal", "SRS_ID": null, "LCODE": "CA0080", "METADATA": null, "SHAPE_Leng": 0.00098329491, "Shape_Le_1": 108.70507110699999 }, "geometry": { "type": "MultiLineString", "coordinates": [ [ [ 110.373171449098564, -7.786905667302113, 115.129000000000815 ], [ 110.373153283948483, -7.787857033388151, 113.919999999998254 ], [ 110.373130315031261, -7.78787896097822, 113.880000000004657 ] ] ] } },
{ "type": "Feature", "properties": { "OBJECTID": 105, "NAMRJL": null, "KONRJL": 0, "MATRJL": 0, "FGSRJL": 0, "UTKRJL": 0, "TOLRJL": 0, "WLYRJL": 0, "AUTRJL": 0, "KLSRJL": 0, "SPCRJL": 0, "JPARJL": 0, "ARHRJL": 0, "STARJL": 0, "KLLRJL": null, "MEDRJL": 0, "LOCRJL": 0, "JARRJL": 0, "FCODE": null, "REMARK": "Jalan Arteri", "SRS_ID": null, "LCODE": "CA0080", "METADATA": null, "SHAPE_Leng": 0.00125447078, "Shape_Le_1": 52.913700517400002 }, "geometry": { "type": "MultiLineString", "coordinates": [ [ [ 110.370994866361343, -7.782964483426456, 116.582299999994575 ], [ 110.371029043142585, -7.782964856108334, 116.598800000007031 ], [ 110.371150614988636, -7.782965515738078, 116.625400000004447 ], [ 110.371241477445793, -7.782949215442977, 116.339999999996508 ], [ 110.371473080609746, -7.782959028904, 116.398700000005192 ] ] ] } },
{ "type": "Feature", "properties": { "OBJECTID": 106, "NAMRJL": null, "KONRJL": 0, "MATRJL": 0, "FGSRJL": 0, "UTKRJL": 0, "TOLRJL": 0, "WLYRJL": 0, "AUTRJL": 0, "KLSRJL": 0, "SPCRJL": 0, "JPARJL": 0, "ARHRJL": 0, "STARJL": 0, "KLLRJL": null, "MEDRJL": 0, "LOCRJL": 0, "JARRJL": 0, "FCODE": null, "REMARK": "Jalan Lokal", "SRS_ID": null, "LCODE": "CA0080", "METADATA": null, "SHAPE_Leng": 0.00134165494, "Shape_Le_1": 148.27474666200001 }, "geometry": { "type": "MultiLineString", "coordinates": [ [ [ 110.382537690008149, -7.784891898111582, 118.039999999993597 ], [ 110.382714060840897, -7.78562898081158, 117.419999999998254 ], [ 110.382797464592443, -7.785800787965441, 117.360000000000582 ], [ 110.383002675374385, -7.786135702423107, 116.907000000006519 ] ] ] } },
{ "type": "Feature", "properties": { "OBJECTID": 107, "NAMRJL": null, "KONRJL": 0, "MATRJL": 0, "FGSRJL": 0, "UTKRJL": 0, "TOLRJL": 0, "WLYRJL": 0, "AUTRJL": 0, "KLSRJL": 0, "SPCRJL": 0, "JPARJL": 0, "ARHRJL": 0, "STARJL": 0, "KLLRJL": null, "MEDRJL": 0, "LOCRJL": 0, "JARRJL": 0, "FCODE": null, "REMARK": "Jalan Lokal", "SRS_ID": null, "LCODE": "CA0080", "METADATA": null, "SHAPE_Leng": 0.00146387759, "Shape_Le_1": 161.52723452000001 }, "geometry": { "type": "MultiLineString", "coordinates": [ [ [ 110.38950486414258, -7.793054710409796, 109.850000000005821 ], [ 110.389342904117754, -7.792802678245877, 110.410000000003492 ], [ 110.389197439621597, -7.792658396586259, 110.410000000003492 ], [ 110.389048868608299, -7.792592542664449, 110.440000000002328 ], [ 110.388572811447162, -7.792474902225473, 110.470000000001164 ], [ 110.38837708028997, -7.792489734162388, 110.350000000005821 ], [ 110.388362621644958, -7.792459828135406, 110.309999999997672 ], [ 110.388289044285514, -7.792437091870576, 109.789999999993597 ] ] ] } },
{ "type": "Feature", "properties": { "OBJECTID": 108, "NAMRJL": null, "KONRJL": 0, "MATRJL": 0, "FGSRJL": 0, "UTKRJL": 0, "TOLRJL": 0, "WLYRJL": 0, "AUTRJL": 0, "KLSRJL": 0, "SPCRJL": 0, "JPARJL": 0, "ARHRJL": 0, "STARJL": 0, "KLLRJL": null, "MEDRJL": 0, "LOCRJL": 0, "JARRJL": 0, "FCODE": null, "REMARK": "Jalan Lokal", "SRS_ID": null, "LCODE": "CA0080", "METADATA": null, "SHAPE_Leng": 0.0011939473, "Shape_Le_1": 131.954672759 }, "geometry": { "type": "MultiLineString", "coordinates": [ [ [ 110.384272039810128, -7.791832321554061, 111.649999999994179 ], [ 110.384198596191283, -7.792061572371145, 111.649999999994179 ], [ 110.384162389386717, -7.792155788168428, 111.649999999994179 ], [ 110.384064429745379, -7.792410681555014, 111.649999999994179 ], [ 110.383850184611461, -7.79294881887897, 110.5 ] ] ] } },
{ "type": "Feature", "properties": { "OBJECTID": 109, "NAMRJL": null, "KONRJL": 0, "MATRJL": 0, "FGSRJL": 0, "UTKRJL": 0, "TOLRJL": 0, "WLYRJL": 0, "AUTRJL": 0, "KLSRJL": 0, "SPCRJL": 0, "JPARJL": 0, "ARHRJL": 0, "STARJL": 0, "KLLRJL": null, "MEDRJL": 0, "LOCRJL": 0, "JARRJL": 0, "FCODE": null, "REMARK": "Jalan Lokal", "SRS_ID": null, "LCODE": "CA0080", "METADATA": null, "SHAPE_Leng": 0.00021651432, "Shape_Le_1": 23.248816166200001 }, "geometry": { "type": "MultiLineString", "coordinates": [ [ [ 110.378420543478654, -7.788135427290542, 114.630000000004657 ], [ 110.378427010665476, -7.788113385652198, 114.630000000004657 ], [ 110.378465390305422, -7.787930015744243, 114.913000000000466 ] ] ] } },
{ "type": "Feature", "properties": { "OBJECTID": 110, "NAMRJL": null, "KONRJL": 0, "MATRJL": 0, "FGSRJL": 0, "UTKRJL": 0, "TOLRJL": 0, "WLYRJL": 0, "AUTRJL": 0, "KLSRJL": 0, "SPCRJL": 0, "JPARJL": 0, "ARHRJL": 0, "STARJL": 0, "KLLRJL": null, "MEDRJL": 0, "LOCRJL": 0, "JARRJL": 0, "FCODE": null, "REMARK": "Jalan Lokal", "SRS_ID": null, "LCODE": "CA0080", "METADATA": null, "SHAPE_Leng": 0.00060962481, "Shape_Le_1": 67.398087517999997 }, "geometry": { "type": "MultiLineString", "coordinates": [ [ [ 110.382020479015097, -7.793250857386443, 108.979999999995925 ], [ 110.382023922969267, -7.793054619201673, 109.850000000005821 ], [ 110.382011015370509, -7.792641463913501, 110.100000000005821 ] ] ] } },
{ "type": "Feature", "properties": { "OBJECTID": 111, "NAMRJL": null, "KONRJL": 0, "MATRJL": 0, "FGSRJL": 0, "UTKRJL": 0, "TOLRJL": 0, "WLYRJL": 0, "AUTRJL": 0, "KLSRJL": 0, "SPCRJL": 0, "JPARJL": 0, "ARHRJL": 0, "STARJL": 0, "KLLRJL": null, "MEDRJL": 0, "LOCRJL": 0, "JARRJL": 0, "FCODE": null, "REMARK": "Jalan Lokal", "SRS_ID": null, "LCODE": "CA0080", "METADATA": null, "SHAPE_Leng": 0.00270513952, "Shape_Le_1": 298.45367753099998 }, "geometry": { "type": "MultiLineString", "coordinates": [ [ [ 110.371798472191756, -7.777190007723592, 124.80000000000291 ], [ 110.37227819791346, -7.77724630869239, 124.610000000000582 ], [ 110.372593841951911, -7.777274625256743, 124.190000000002328 ], [ 110.37301973263682, -7.777258403427922, 123.809999999997672 ], [ 110.373018988578949, -7.777196976886129, 123.809999999997672 ], [ 110.373017314301009, -7.776865389178604, 123.869999999995343 ], [ 110.37306360098178, -7.776732304249961, 124.259999999994761 ], [ 110.373101755296787, -7.77672573956136, 124.80000000000291 ], [ 110.373285105375217, -7.776749917440319, 124.929999999993015 ], [ 110.373287543565013, -7.776750245759681, 124.899999999994179 ], [ 110.373314270928617, -7.77675033858096, 125.490000000005239 ], [ 110.373483409713856, -7.776780673218306, 125.770000000004075 ], [ 110.373712316883399, -7.776857858365226, 126.229999999995925 ], [ 110.373977651106628, -7.77694357239705, 125.835000000006403 ] ] ] } },
{ "type": "Feature", "properties": { "OBJECTID": 112, "NAMRJL": null, "KONRJL": 0, "MATRJL": 0, "FGSRJL": 0, "UTKRJL": 0, "TOLRJL": 0, "WLYRJL": 0, "AUTRJL": 0, "KLSRJL": 0, "SPCRJL": 0, "JPARJL": 0, "ARHRJL": 0, "STARJL": 0, "KLLRJL": null, "MEDRJL": 0, "LOCRJL": 0, "JARRJL": 0, "FCODE": null, "REMARK": "Jalan Lokal", "SRS_ID": null, "LCODE": "CA0080", "METADATA": null, "SHAPE_Leng": 0.00177700504, "Shape_Le_1": 195.95589257200001 }, "geometry": { "type": "MultiLineString", "coordinates": [ [ [ 110.38620070643735, -7.7913921249055, 111.610000000000582 ], [ 110.386169881441958, -7.79138454565309, 111.649999999994179 ], [ 110.385774852096048, -7.791273025564455, 112.020000000004075 ], [ 110.385039455234079, -7.791132194420765, 112.270000000004075 ], [ 110.384460972651851, -7.791038423900654, 112.639999999999418 ] ] ] } },
{ "type": "Feature", "properties": { "OBJECTID": 113, "NAMRJL": null, "KONRJL": 0, "MATRJL": 0, "FGSRJL": 0, "UTKRJL": 0, "TOLRJL": 0, "WLYRJL": 0, "AUTRJL": 0, "KLSRJL": 0, "SPCRJL": 0, "JPARJL": 0, "ARHRJL": 0, "STARJL": 0, "KLLRJL": null, "MEDRJL": 0, "LOCRJL": 0, "JARRJL": 0, "FCODE": null, "REMARK": "Jalan Lokal", "SRS_ID": null, "LCODE": "CA0080", "METADATA": null, "SHAPE_Leng": 0.00089338344, "Shape_Le_1": 98.524769848399998 }, "geometry": { "type": "MultiLineString", "coordinates": [ [ [ 110.383417362284987, -7.79167244516318, 111.029999999998836 ], [ 110.383174516436455, -7.79163172329061, 111.059999999997672 ], [ 110.38255781925254, -7.791435549730277, 111.399999999994179 ] ] ] } },
{ "type": "Feature", "properties": { "OBJECTID": 114, "NAMRJL": null, "KONRJL": 0, "MATRJL": 0, "FGSRJL": 0, "UTKRJL": 0, "TOLRJL": 0, "WLYRJL": 0, "AUTRJL": 0, "KLSRJL": 0, "SPCRJL": 0, "JPARJL": 0, "ARHRJL": 0, "STARJL": 0, "KLLRJL": null, "MEDRJL": 0, "LOCRJL": 0, "JARRJL": 0, "FCODE": null, "REMARK": "Jalan Lokal", "SRS_ID": null, "LCODE": "CA0080", "METADATA": null, "SHAPE_Leng": 0.000602066, "Shape_Le_1": 66.394498579599997 }, "geometry": { "type": "MultiLineString", "coordinates": [ [ [ 110.388430334385376, -7.791903414343951, 111.059999999997672 ], [ 110.388412647079463, -7.7918984773022, 111.119999999995343 ], [ 110.387845864893208, -7.791758951591204, 110.589999999996508 ] ] ] } },
{ "type": "Feature", "properties": { "OBJECTID": 115, "NAMRJL": null, "KONRJL": 0, "MATRJL": 0, "FGSRJL": 0, "UTKRJL": 0, "TOLRJL": 0, "WLYRJL": 0, "AUTRJL": 0, "KLSRJL": 0, "SPCRJL": 0, "JPARJL": 0, "ARHRJL": 0, "STARJL": 0, "KLLRJL": null, "MEDRJL": 0, "LOCRJL": 0, "JARRJL": 0, "FCODE": null, "REMARK": "Jalan Lokal", "SRS_ID": null, "LCODE": "CA0080", "METADATA": null, "SHAPE_Leng": 0.00076260887, "Shape_Le_1": 75.9401923092 }, "geometry": { "type": "MultiLineString", "coordinates": [ [ [ 110.388131142275554, -7.793103733346062, 108.93289999999979 ], [ 110.388147733596085, -7.792963431859605, 109.19999999999709 ], [ 110.388163763199188, -7.792860819767356, 109.720000000001164 ], [ 110.388289044285514, -7.792437091870576, 109.789999999993597 ] ] ] } },
{ "type": "Feature", "properties": { "OBJECTID": 116, "NAMRJL": null, "KONRJL": 0, "MATRJL": 0, "FGSRJL": 0, "UTKRJL": 0, "TOLRJL": 0, "WLYRJL": 0, "AUTRJL": 0, "KLSRJL": 0, "SPCRJL": 0, "JPARJL": 0, "ARHRJL": 0, "STARJL": 0, "KLLRJL": null, "MEDRJL": 0, "LOCRJL": 0, "JARRJL": 0, "FCODE": null, "REMARK": "Jalan Lokal", "SRS_ID": null, "LCODE": "CA0080", "METADATA": null, "SHAPE_Leng": 0.00263168165, "Shape_Le_1": 290.84097795500003 }, "geometry": { "type": "MultiLineString", "coordinates": [ [ [ 110.378415965879967, -7.792313257743323, 110.607999999992899 ], [ 110.378391499925115, -7.791726808138874, 113.169999999998254 ], [ 110.3783849287435, -7.791613309281564, 113.169999999998254 ], [ 110.378417492430671, -7.791180384867709, 113.600000000005821 ], [ 110.37847614829991, -7.790721873856197, 114.539999999993597 ], [ 110.378632905951193, -7.790314276965063, 114.380000000004657 ], [ 110.378921440794898, -7.790251772933325, 113.600000000005821 ], [ 110.37892918321343, -7.790056707976386, 113.229999999995925 ], [ 110.378975961443189, -7.789959930321414, 113.169999999998254 ] ] ] } },
{ "type": "Feature", "properties": { "OBJECTID": 117, "NAMRJL": null, "KONRJL": 0, "MATRJL": 0, "FGSRJL": 0, "UTKRJL": 0, "TOLRJL": 0, "WLYRJL": 0, "AUTRJL": 0, "KLSRJL": 0, "SPCRJL": 0, "JPARJL": 0, "ARHRJL": 0, "STARJL": 0, "KLLRJL": null, "MEDRJL": 0, "LOCRJL": 0, "JARRJL": 0, "FCODE": null, "REMARK": "Jalan Arteri", "SRS_ID": null, "LCODE": "CA0080", "METADATA": null, "SHAPE_Leng": 0.00034801256, "Shape_Le_1": 38.372977528 }, "geometry": { "type": "MultiLineString", "coordinates": [ [ [ 110.383265139616384, -7.783041045790671, 120.119999999995343 ], [ 110.383613021638709, -7.783050577570958, 120.119999999995343 ] ] ] } },
{ "type": "Feature", "properties": { "OBJECTID": 118, "NAMRJL": null, "KONRJL": 0, "MATRJL": 0, "FGSRJL": 0, "UTKRJL": 0, "TOLRJL": 0, "WLYRJL": 0, "AUTRJL": 0, "KLSRJL": 0, "SPCRJL": 0, "JPARJL": 0, "ARHRJL": 0, "STARJL": 0, "KLLRJL": null, "MEDRJL": 0, "LOCRJL": 0, "JARRJL": 0, "FCODE": null, "REMARK": "Jalan Lokal", "SRS_ID": null, "LCODE": "CA0080", "METADATA": null, "SHAPE_Leng": 0.00070879616, "Shape_Le_1": 78.182467726200002 }, "geometry": { "type": "MultiLineString", "coordinates": [ [ [ 110.383195104929968, -7.792690160742741, 110.130000000004657 ], [ 110.383494757315987, -7.792765969986728, 110.130000000004657 ], [ 110.383850184611461, -7.79294881887897, 110.5 ] ] ] } },
{ "type": "Feature", "properties": { "OBJECTID": 119, "NAMRJL": null, "KONRJL": 0, "MATRJL": 0, "FGSRJL": 0, "UTKRJL": 0, "TOLRJL": 0, "WLYRJL": 0, "AUTRJL": 0, "KLSRJL": 0, "SPCRJL": 0, "JPARJL": 0, "ARHRJL": 0, "STARJL": 0, "KLLRJL": null, "MEDRJL": 0, "LOCRJL": 0, "JARRJL": 0, "FCODE": null, "REMARK": "Jalan Lokal", "SRS_ID": null, "LCODE": "CA0080", "METADATA": null, "SHAPE_Leng": 0.00258128958, "Shape_Le_1": 284.62607661599998 }, "geometry": { "type": "MultiLineString", "coordinates": [ [ [ 110.37190651717107, -7.785961755243208, 114.69199999999546 ], [ 110.372921492024133, -7.785818545419853, 114.690000000002328 ], [ 110.373867347438647, -7.785799464012382, 116.210000000006403 ], [ 110.374427239614974, -7.78583547587851, 116.899999999994179 ], [ 110.374476179584576, -7.785840161086434, 116.929999999993015 ] ] ] } },
{ "type": "Feature", "properties": { "OBJECTID": 120, "NAMRJL": null, "KONRJL": 0, "MATRJL": 0, "FGSRJL": 0, "UTKRJL": 0, "TOLRJL": 0, "WLYRJL": 0, "AUTRJL": 0, "KLSRJL": 0, "SPCRJL": 0, "JPARJL": 0, "ARHRJL": 0, "STARJL": 0, "KLLRJL": null, "MEDRJL": 0, "LOCRJL": 0, "JARRJL": 0, "FCODE": null, "REMARK": "Jalan Lokal", "SRS_ID": null, "LCODE": "CA0080", "METADATA": null, "SHAPE_Leng": 0.0032373187, "Shape_Le_1": 356.97387172499998 }, "geometry": { "type": "MultiLineString", "coordinates": [ [ [ 110.391252823806596, -7.787784210997262, 115.047999999995227 ], [ 110.391207048391834, -7.787779587414631, 115.089999999996508 ], [ 110.390944915428548, -7.787724731066079, 115.440000000002328 ], [ 110.390608224361955, -7.787693077652103, 115.369999999995343 ], [ 110.390217768740044, -7.78763175092022, 115.059999999997672 ], [ 110.38938979282149, -7.787486994641241, 116.179999999993015 ], [ 110.388052601378291, -7.787304805952609, 116.710000000006403 ] ] ] } },
{ "type": "Feature", "properties": { "OBJECTID": 121, "NAMRJL": null, "KONRJL": 0, "MATRJL": 0, "FGSRJL": 0, "UTKRJL": 0, "TOLRJL": 0, "WLYRJL": 0, "AUTRJL": 0, "KLSRJL": 0, "SPCRJL": 0, "JPARJL": 0, "ARHRJL": 0, "STARJL": 0, "KLLRJL": null, "MEDRJL": 0, "LOCRJL": 0, "JARRJL": 0, "FCODE": null, "REMARK": "Jalan Lokal", "SRS_ID": null, "LCODE": "CA0080", "METADATA": null, "SHAPE_Leng": 0.00297725923, "Shape_Le_1": 328.29264006 }, "geometry": { "type": "MultiLineString", "coordinates": [ [ [ 110.371653942628228, -7.785233953587213, 115.75 ], [ 110.371656010585667, -7.785233233946189, 115.75 ], [ 110.37168191293263, -7.785233489406557, 115.720000000001164 ], [ 110.372020582180426, -7.785205933079391, 115.929999999993015 ], [ 110.3726844626744, -7.785058765590067, 117.601599999994505 ], [ 110.373326763588494, -7.785017075582399, 118.19999999999709 ], [ 110.374252906758201, -7.78505503244227, 118.169999999998254 ], [ 110.374610435825517, -7.785085299288287, 117.830000000001746 ] ] ] } },
{ "type": "Feature", "properties": { "OBJECTID": 122, "NAMRJL": null, "KONRJL": 0, "MATRJL": 0, "FGSRJL": 0, "UTKRJL": 0, "TOLRJL": 0, "WLYRJL": 0, "AUTRJL": 0, "KLSRJL": 0, "SPCRJL": 0, "JPARJL": 0, "ARHRJL": 0, "STARJL": 0, "KLLRJL": null, "MEDRJL": 0, "LOCRJL": 0, "JARRJL": 0, "FCODE": null, "REMARK": "Jalan Lokal", "SRS_ID": null, "LCODE": "CA0080", "METADATA": null, "SHAPE_Leng": 0.00114624453, "Shape_Le_1": 126.71518490299999 }, "geometry": { "type": "MultiLineString", "coordinates": [ [ [ 110.374956062780328, -7.782981369993801, 119.690000000002328 ], [ 110.375000281025194, -7.78254885200205, 121.67500000000291 ], [ 110.375000284705123, -7.78254881673149, 121.67500000000291 ], [ 110.375000289301354, -7.782548775130687, 121.67500000000291 ], [ 110.375029932444065, -7.782258845628998, 121.639999999999418 ], [ 110.375094116792567, -7.781981571380345, 122.009999999994761 ], [ 110.375135037602192, -7.781852557698532, 122.05000000000291 ] ] ] } },
{ "type": "Feature", "properties": { "OBJECTID": 123, "NAMRJL": null, "KONRJL": 0, "MATRJL": 0, "FGSRJL": 0, "UTKRJL": 0, "TOLRJL": 0, "WLYRJL": 0, "AUTRJL": 0, "KLSRJL": 0, "SPCRJL": 0, "JPARJL": 0, "ARHRJL": 0, "STARJL": 0, "KLLRJL": null, "MEDRJL": 0, "LOCRJL": 0, "JARRJL": 0, "FCODE": null, "REMARK": "Jalan Arteri", "SRS_ID": null, "LCODE": "CA0080", "METADATA": null, "SHAPE_Leng": 0.00105993653, "Shape_Le_1": 116.871946142 }, "geometry": { "type": "MultiLineString", "coordinates": [ [ [ 110.374956062780328, -7.782981369993801, 119.690000000002328 ], [ 110.375000287329044, -7.78298177886918, 119.687999999994645 ], [ 110.375000329047367, -7.782981778930644, 119.687999999994645 ], [ 110.375766822069949, -7.782988859245064, 119.660000000003492 ], [ 110.376015948571919, -7.782991677002382, 119.695699999996577 ] ] ] } },
{ "type": "Feature", "properties": { "OBJECTID": 124, "NAMRJL": null, "KONRJL": 0, "MATRJL": 0, "FGSRJL": 0, "UTKRJL": 0, "TOLRJL": 0, "WLYRJL": 0, "AUTRJL": 0, "KLSRJL": 0, "SPCRJL": 0, "JPARJL": 0, "ARHRJL": 0, "STARJL": 0, "KLLRJL": null, "MEDRJL": 0, "LOCRJL": 0, "JARRJL": 0, "FCODE": null, "REMARK": "Jalan Lokal", "SRS_ID": null, "LCODE": "CA0080", "METADATA": null, "SHAPE_Leng": 0.00097419574, "Shape_Le_1": 76.973306905200005 }, "geometry": { "type": "MultiLineString", "coordinates": [ [ [ 110.388482240269454, -7.780269260655039, 127.755799999998999 ], [ 110.388681454014161, -7.780292431014276, 127.970000000001164 ], [ 110.388808586954568, -7.780229053877509, 128.279999999998836 ], [ 110.389128496727935, -7.780383435844088, 127.660000000003492 ] ] ] } },
{ "type": "Feature", "properties": { "OBJECTID": 125, "NAMRJL": null, "KONRJL": 0, "MATRJL": 0, "FGSRJL": 0, "UTKRJL": 0, "TOLRJL": 0, "WLYRJL": 0, "AUTRJL": 0, "KLSRJL": 0, "SPCRJL": 0, "JPARJL": 0, "ARHRJL": 0, "STARJL": 0, "KLLRJL": null, "MEDRJL": 0, "LOCRJL": 0, "JARRJL": 0, "FCODE": null, "REMARK": "Jalan Lokal", "SRS_ID": null, "LCODE": "CA0080", "METADATA": null, "SHAPE_Leng": 0.00216768745, "Shape_Le_1": 239.15285561799999 }, "geometry": { "type": "MultiLineString", "coordinates": [ [ [ 110.372253969845403, -7.78678474157866, 114.970000000001164 ], [ 110.372027958894137, -7.786830076613407, 113.789999999993597 ], [ 110.371699615860734, -7.786895773319204, 113.789999999993597 ], [ 110.37131983506967, -7.787038276997449, 113.570000000006985 ], [ 110.370827868846376, -7.787252313587357, 113.19999999999709 ], [ 110.370570441740242, -7.787406839061721, 113.05000000000291 ], [ 110.370399868661067, -7.787569180799355, 113.009999999994761 ], [ 110.370382923575761, -7.787692476746944, 112.80000000000291 ] ] ] } },
{ "type": "Feature", "properties": { "OBJECTID": 126, "NAMRJL": null, "KONRJL": 0, "MATRJL": 0, "FGSRJL": 0, "UTKRJL": 0, "TOLRJL": 0, "WLYRJL": 0, "AUTRJL": 0, "KLSRJL": 0, "SPCRJL": 0, "JPARJL": 0, "ARHRJL": 0, "STARJL": 0, "KLLRJL": null, "MEDRJL": 0, "LOCRJL": 0, "JARRJL": 0, "FCODE": null, "REMARK": "Jalan Lokal", "SRS_ID": null, "LCODE": "CA0080", "METADATA": null, "SHAPE_Leng": 0.00224730626, "Shape_Le_1": 247.80912523200001 }, "geometry": { "type": "MultiLineString", "coordinates": [ [ [ 110.374969825228817, -7.788266465610245, 114.660000000003492 ], [ 110.37500031417062, -7.788277104210677, 114.567999999999302 ], [ 110.375000354055501, -7.788277117837161, 114.567899999994552 ], [ 110.37520421898013, -7.788348217249829, 113.94999999999709 ], [ 110.375647306452322, -7.788467370244043, 115.362699999997858 ], [ 110.377135512849179, -7.788492018567942, 115.75 ], [ 110.377187231173096, -7.788488685447713, 115.839999999996508 ] ] ] } },
{ "type": "Feature", "properties": { "OBJECTID": 127, "NAMRJL": null, "KONRJL": 0, "MATRJL": 0, "FGSRJL": 0, "UTKRJL": 0, "TOLRJL": 0, "WLYRJL": 0, "AUTRJL": 0, "KLSRJL": 0, "SPCRJL": 0, "JPARJL": 0, "ARHRJL": 0, "STARJL": 0, "KLLRJL": null, "MEDRJL": 0, "LOCRJL": 0, "JARRJL": 0, "FCODE": null, "REMARK": "Jalan Lokal", "SRS_ID": null, "LCODE": "CA0080", "METADATA": null, "SHAPE_Leng": 0.00085573459, "Shape_Le_1": 94.368107005400006 }, "geometry": { "type": "MultiLineString", "coordinates": [ [ [ 110.376520944143195, -7.786966513856915, 116.339999999996508 ], [ 110.376537690837196, -7.786981707159945, 116.339999999996508 ], [ 110.376863854290846, -7.787052774818132, 116.369999999995343 ], [ 110.377353607865047, -7.787149978709156, 116.369999999995343 ] ] ] } },
{ "type": "Feature", "properties": { "OBJECTID": 128, "NAMRJL": null, "KONRJL": 0, "MATRJL": 0, "FGSRJL": 0, "UTKRJL": 0, "TOLRJL": 0, "WLYRJL": 0, "AUTRJL": 0, "KLSRJL": 0, "SPCRJL": 0, "JPARJL": 0, "ARHRJL": 0, "STARJL": 0, "KLLRJL": null, "MEDRJL": 0, "LOCRJL": 0, "JARRJL": 0, "FCODE": null, "REMARK": "Jalan Lokal", "SRS_ID": null, "LCODE": "CA0080", "METADATA": null, "SHAPE_Leng": 0.00174483469, "Shape_Le_1": 192.62020542 }, "geometry": { "type": "MultiLineString", "coordinates": [ [ [ 110.386587793794092, -7.789150910321683, 115.469800000006217 ], [ 110.386639385108481, -7.788848424963318, 116.429999999993015 ], [ 110.386727566874313, -7.788661155284067, 116.460000000006403 ], [ 110.386883141576305, -7.788505405883772, 116.460000000006403 ], [ 110.387203617952053, -7.788355267637934, 116.240000000005239 ], [ 110.387538374253367, -7.788238544434918, 116.089999999996508 ], [ 110.387754717430212, -7.788131084041598, 116.05000000000291 ], [ 110.387768268851673, -7.788071747563989, 116.029999999998836 ] ] ] } },
{ "type": "Feature", "properties": { "OBJECTID": 129, "NAMRJL": null, "KONRJL": 0, "MATRJL": 0, "FGSRJL": 0, "UTKRJL": 0, "TOLRJL": 0, "WLYRJL": 0, "AUTRJL": 0, "KLSRJL": 0, "SPCRJL": 0, "JPARJL": 0, "ARHRJL": 0, "STARJL": 0, "KLLRJL": null, "MEDRJL": 0, "LOCRJL": 0, "JARRJL": 0, "FCODE": null, "REMARK": "Jalan Lokal", "SRS_ID": null, "LCODE": "CA0080", "METADATA": null, "SHAPE_Leng": 0.00200631439, "Shape_Le_1": 221.7968672 }, "geometry": { "type": "MultiLineString", "coordinates": [ [ [ 110.379231865152789, -7.782988842606692, 120.679999999993015 ], [ 110.379170803055857, -7.783586029579117, 119.690000000002328 ], [ 110.37912166833847, -7.78392333295464, 119.470000000001164 ], [ 110.378956368904539, -7.784738799028521, 119.070000000006985 ], [ 110.378925855393618, -7.784938977375913, 118.139999999999418 ], [ 110.378925049432027, -7.784969575875306, 118.070000000006985 ] ] ] } },
{ "type": "Feature", "properties": { "OBJECTID": 130, "NAMRJL": null, "KONRJL": 0, "MATRJL": 0, "FGSRJL": 0, "UTKRJL": 0, "TOLRJL": 0, "WLYRJL": 0, "AUTRJL": 0, "KLSRJL": 0, "SPCRJL": 0, "JPARJL": 0, "ARHRJL": 0, "STARJL": 0, "KLLRJL": null, "MEDRJL": 0, "LOCRJL": 0, "JARRJL": 0, "FCODE": null, "REMARK": "Jalan Lokal", "SRS_ID": null, "LCODE": "CA0080", "METADATA": null, "SHAPE_Leng": 0.00212654381, "Shape_Le_1": 234.97274514599999 }, "geometry": { "type": "MultiLineString", "coordinates": [ [ [ 110.376015948571919, -7.782991677002382, 119.660000000003492 ], [ 110.376041107230478, -7.783053193740353, 119.630000000004657 ], [ 110.376069647907457, -7.783188243292778, 119.600000000005821 ], [ 110.376078548841306, -7.783498314306631, 119.529999999998836 ], [ 110.376046692608185, -7.783747053672153, 119.5 ], [ 110.375994015281819, -7.783767599068953, 119.470000000001164 ], [ 110.37561465542619, -7.78381899600904, 118.729999999995925 ], [ 110.375604089431761, -7.783922782325472, 118.759999999994761 ], [ 110.375628346681239, -7.784739810015036, 118.660000000003492 ] ] ] } },
{ "type": "Feature", "properties": { "OBJECTID": 131, "NAMRJL": null, "KONRJL": 0, "MATRJL": 0, "FGSRJL": 0, "UTKRJL": 0, "TOLRJL": 0, "WLYRJL": 0, "AUTRJL": 0, "KLSRJL": 0, "SPCRJL": 0, "JPARJL": 0, "ARHRJL": 0, "STARJL": 0, "KLLRJL": null, "MEDRJL": 0, "LOCRJL": 0, "JARRJL": 0, "FCODE": null, "REMARK": "Jalan Lokal", "SRS_ID": null, "LCODE": "CA0080", "METADATA": null, "SHAPE_Leng": 0.00115091589, "Shape_Le_1": 127.103450004 }, "geometry": { "type": "MultiLineString", "coordinates": [ [ [ 110.375970907444042, -7.786134312882439, 116.770000000004075 ], [ 110.375990914415979, -7.786164272647258, 116.740000000005239 ], [ 110.376345442161892, -7.786299186714207, 116.649999999994179 ], [ 110.376410871912, -7.786394727119378, 116.619999999995343 ], [ 110.376570518070068, -7.786665157903491, 116.429999999993015 ], [ 110.37654001543801, -7.786888364871152, 116.339999999996508 ], [ 110.376520944143195, -7.786966513856915, 116.339999999996508 ] ] ] } },
{ "type": "Feature", "properties": { "OBJECTID": 132, "NAMRJL": null, "KONRJL": 0, "MATRJL": 0, "FGSRJL": 0, "UTKRJL": 0, "TOLRJL": 0, "WLYRJL": 0, "AUTRJL": 0, "KLSRJL": 0, "SPCRJL": 0, "JPARJL": 0, "ARHRJL": 0, "STARJL": 0, "KLLRJL": null, "MEDRJL": 0, "LOCRJL": 0, "JARRJL": 0, "FCODE": null, "REMARK": "Jalan Lokal", "SRS_ID": null, "LCODE": "CA0080", "METADATA": null, "SHAPE_Leng": 0.0001461407, "Shape_Le_1": 16.114232343400001 }, "geometry": { "type": "MultiLineString", "coordinates": [ [ [ 110.377868721256036, -7.779976019952267, 123.070000000006985 ], [ 110.377722893181243, -7.779985574879992, 123.070000000006985 ] ] ] } },
{ "type": "Feature", "properties": { "OBJECTID": 133, "NAMRJL": null, "KONRJL": 0, "MATRJL": 0, "FGSRJL": 0, "UTKRJL": 0, "TOLRJL": 0, "WLYRJL": 0, "AUTRJL": 0, "KLSRJL": 0, "SPCRJL": 0, "JPARJL": 0, "ARHRJL": 0, "STARJL": 0, "KLLRJL": null, "MEDRJL": 0, "LOCRJL": 0, "JARRJL": 0, "FCODE": null, "REMARK": "Jalan Lokal", "SRS_ID": null, "LCODE": "CA0080", "METADATA": null, "SHAPE_Leng": 0.00020105253, "Shape_Le_1": 22.217835943600001 }, "geometry": { "type": "MultiLineString", "coordinates": [ [ [ 110.36970818956398, -7.786864551644793, 113.05000000000291 ], [ 110.369790763658784, -7.7870478651082, 113.05000000000291 ] ] ] } },
{ "type": "Feature", "properties": { "OBJECTID": 134, "NAMRJL": null, "KONRJL": 0, "MATRJL": 0, "FGSRJL": 0, "UTKRJL": 0, "TOLRJL": 0, "WLYRJL": 0, "AUTRJL": 0, "KLSRJL": 0, "SPCRJL": 0, "JPARJL": 0, "ARHRJL": 0, "STARJL": 0, "KLLRJL": null, "MEDRJL": 0, "LOCRJL": 0, "JARRJL": 0, "FCODE": null, "REMARK": "Jalan Lokal", "SRS_ID": null, "LCODE": "CA0080", "METADATA": null, "SHAPE_Leng": 0.00105961273, "Shape_Le_1": 116.85119205700001 }, "geometry": { "type": "MultiLineString", "coordinates": [ [ [ 110.382293582375112, -7.79434320224995, 107.919999999998254 ], [ 110.38332181367474, -7.794599167174004, 107.580000000001746 ] ] ] } },
{ "type": "Feature", "properties": { "OBJECTID": 135, "NAMRJL": null, "KONRJL": 0, "MATRJL": 0, "FGSRJL": 0, "UTKRJL": 0, "TOLRJL": 0, "WLYRJL": 0, "AUTRJL": 0, "KLSRJL": 0, "SPCRJL": 0, "JPARJL": 0, "ARHRJL": 0, "STARJL": 0, "KLLRJL": null, "MEDRJL": 0, "LOCRJL": 0, "JARRJL": 0, "FCODE": null, "REMARK": "Jalan Lokal", "SRS_ID": null, "LCODE": "CA0080", "METADATA": null, "SHAPE_Leng": 0.00190020985, "Shape_Le_1": 209.58847122399999 }, "geometry": { "type": "MultiLineString", "coordinates": [ [ [ 110.375487925321906, -7.779722153800881, 124.089999999996508 ], [ 110.375000309762171, -7.779698797801391, 123.770000000004075 ], [ 110.375000268046847, -7.779698795930933, 123.770000000004075 ], [ 110.374914024724305, -7.779694661916476, 123.720000000001164 ], [ 110.374756237608878, -7.779769504026589, 123.600000000005821 ], [ 110.374629725697758, -7.779890070051606, 123.410000000003492 ], [ 110.374492283578434, -7.780005119580407, 123.220000000001164 ], [ 110.37438630642643, -7.780020702780662, 123.190000000002328 ], [ 110.374111077934785, -7.779988575680226, 123.100000000005821 ], [ 110.373718220789868, -7.779896513682629, 122.789999999993597 ], [ 110.373708944018858, -7.779895857787972, 122.820000000006985 ] ] ] } },
{ "type": "Feature", "properties": { "OBJECTID": 136, "NAMRJL": null, "KONRJL": 0, "MATRJL": 0, "FGSRJL": 0, "UTKRJL": 0, "TOLRJL": 0, "WLYRJL": 0, "AUTRJL": 0, "KLSRJL": 0, "SPCRJL": 0, "JPARJL": 0, "ARHRJL": 0, "STARJL": 0, "KLLRJL": null, "MEDRJL": 0, "LOCRJL": 0, "JARRJL": 0, "FCODE": null, "REMARK": "Jalan Lokal", "SRS_ID": null, "LCODE": "CA0080", "METADATA": null, "SHAPE_Leng": 0.00075430913, "Shape_Le_1": 83.174649300200002 }, "geometry": { "type": "MultiLineString", "coordinates": [ [ [ 110.382253313447364, -7.786186421936153, 116.520000000004075 ], [ 110.382305952992354, -7.786179334871969, 116.520000000004075 ], [ 110.38295572454814, -7.78612203021726, 117.110000000000582 ], [ 110.383002675374385, -7.786135702423107, 116.907000000006519 ] ] ] } },
{ "type": "Feature", "properties": { "OBJECTID": 137, "NAMRJL": null, "KONRJL": 0, "MATRJL": 0, "FGSRJL": 0, "UTKRJL": 0, "TOLRJL": 0, "WLYRJL": 0, "AUTRJL": 0, "KLSRJL": 0, "SPCRJL": 0, "JPARJL": 0, "ARHRJL": 0, "STARJL": 0, "KLLRJL": null, "MEDRJL": 0, "LOCRJL": 0, "JARRJL": 0, "FCODE": null, "REMARK": "Jalan Lokal", "SRS_ID": null, "LCODE": "CA0080", "METADATA": null, "SHAPE_Leng": 0.0041876954, "Shape_Le_1": 462.06729798100002 }, "geometry": { "type": "MultiLineString", "coordinates": [ [ [ 110.382253313447364, -7.786186421936153, 116.520000000004075 ], [ 110.382231399739894, -7.786144628616083, 116.210000000006403 ], [ 110.382118901715842, -7.786003876152028, 115.619999999995343 ], [ 110.382044307549293, -7.785662847222687, 115.75 ], [ 110.382012708885071, -7.785669892561697, 115.720000000001164 ], [ 110.381191950598804, -7.785791166794741, 115.649999999994179 ], [ 110.38074190344679, -7.78584850721662, 115.649999999994179 ], [ 110.380666902878517, -7.785784429591737, 115.649999999994179 ], [ 110.380642459058379, -7.785402898177431, 117.020000000004075 ], [ 110.380575576719465, -7.785295434750226, 117.110000000000582 ], [ 110.380479735646119, -7.785250105262081, 117.44999999999709 ], [ 110.379922222742096, -7.785143236269549, 117.44999999999709 ], [ 110.379667660203623, -7.785091868433095, 117.55000000000291 ], [ 110.379638076721179, -7.785085366030125, 117.570000000006985 ], [ 110.379188957285592, -7.784986686725311, 117.80000000000291 ], [ 110.378925049432027, -7.784969575875306, 118.070000000006985 ] ] ] } },
{ "type": "Feature", "properties": { "OBJECTID": 138, "NAMRJL": null, "KONRJL": 0, "MATRJL": 0, "FGSRJL": 0, "UTKRJL": 0, "TOLRJL": 0, "WLYRJL": 0, "AUTRJL": 0, "KLSRJL": 0, "SPCRJL": 0, "JPARJL": 0, "ARHRJL": 0, "STARJL": 0, "KLLRJL": null, "MEDRJL": 0, "LOCRJL": 0, "JARRJL": 0, "FCODE": null, "REMARK": "Jalan Lokal", "SRS_ID": null, "LCODE": "CA0080", "METADATA": null, "SHAPE_Leng": 0.00062934657, "Shape_Le_1": 69.409733613399993 }, "geometry": { "type": "MultiLineString", "coordinates": [ [ [ 110.380586053673142, -7.793997780814172, 106.990000000005239 ], [ 110.380868625866484, -7.794007519426184, 107.149999999994179 ], [ 110.381158668673365, -7.794056117603231, 107.029999999998836 ], [ 110.381152551791089, -7.794108280984636, 106.559999999997672 ] ] ] } },
{ "type": "Feature", "properties": { "OBJECTID": 139, "NAMRJL": null, "KONRJL": 0, "MATRJL": 0, "FGSRJL": 0, "UTKRJL": 0, "TOLRJL": 0, "WLYRJL": 0, "AUTRJL": 0, "KLSRJL": 0, "SPCRJL": 0, "JPARJL": 0, "ARHRJL": 0, "STARJL": 0, "KLLRJL": null, "MEDRJL": 0, "LOCRJL": 0, "JARRJL": 0, "FCODE": null, "REMARK": "Jalan Lokal", "SRS_ID": null, "LCODE": "CA0080", "METADATA": null, "SHAPE_Leng": 0.00133733342, "Shape_Le_1": 147.506401324 }, "geometry": { "type": "MultiLineString", "coordinates": [ [ [ 110.378429621638873, -7.778399244046179, 125.740000000005239 ], [ 110.378457943191606, -7.778406313588709, 125.740000000005239 ], [ 110.378996685733668, -7.778591324409557, 125.44999999999709 ], [ 110.379330654029374, -7.778679451226147, 125.089999999996508 ], [ 110.379508357589643, -7.778739191862392, 124.763200000001234 ], [ 110.379647407262226, -7.778738075437453, 124.330000000001746 ], [ 110.379658245007164, -7.778737990876956, 124.279999999998836 ], [ 110.379665518049151, -7.778682717640157, 123.869999999995343 ] ] ] } },
{ "type": "Feature", "properties": { "OBJECTID": 140, "NAMRJL": null, "KONRJL": 0, "MATRJL": 0, "FGSRJL": 0, "UTKRJL": 0, "TOLRJL": 0, "WLYRJL": 0, "AUTRJL": 0, "KLSRJL": 0, "SPCRJL": 0, "JPARJL": 0, "ARHRJL": 0, "STARJL": 0, "KLLRJL": null, "MEDRJL": 0, "LOCRJL": 0, "JARRJL": 0, "FCODE": null, "REMARK": "Jalan Lokal", "SRS_ID": null, "LCODE": "CA0080", "METADATA": null, "SHAPE_Leng": 0.00159303544, "Shape_Le_1": 176.11762711 }, "geometry": { "type": "MultiLineString", "coordinates": [ [ [ 110.391252823806596, -7.787784210997262, 115.047999999995227 ], [ 110.391252227582854, -7.787751168206288, 115.059999999997672 ], [ 110.391252407706602, -7.787733195750822, 115.059999999997672 ], [ 110.391286586606327, -7.787245530301214, 115.440000000002328 ], [ 110.391360617587182, -7.786517339108849, 116.710000000006403 ], [ 110.39136496364425, -7.786196161069799, 116.460000000006403 ] ] ] } },
{ "type": "Feature", "properties": { "OBJECTID": 141, "NAMRJL": null, "KONRJL": 0, "MATRJL": 0, "FGSRJL": 0, "UTKRJL": 0, "TOLRJL": 0, "WLYRJL": 0, "AUTRJL": 0, "KLSRJL": 0, "SPCRJL": 0, "JPARJL": 0, "ARHRJL": 0, "STARJL": 0, "KLLRJL": null, "MEDRJL": 0, "LOCRJL": 0, "JARRJL": 0, "FCODE": null, "REMARK": "Jalan Lokal", "SRS_ID": null, "LCODE": "CA0080", "METADATA": null, "SHAPE_Leng": 0.0034839108, "Shape_Le_1": 239.324563071 }, "geometry": { "type": "MultiLineString", "coordinates": [ [ [ 110.370598612288816, -7.778467709779053, 121.175600000002305 ], [ 110.370763001002587, -7.778485309294767, 121.419999999998254 ], [ 110.371293203223331, -7.778525658352238, 122.070000000006985 ], [ 110.371357201827394, -7.778508847814081, 122.100000000005821 ], [ 110.371462015421329, -7.778373633749803, 122.100000000005821 ], [ 110.371529721221023, -7.778199787266361, 122.490000000005239 ], [ 110.371639096810028, -7.77768649379013, 124.029999999998836 ], [ 110.371798472191756, -7.777190007723592, 124.80000000000291 ] ] ] } },
{ "type": "Feature", "properties": { "OBJECTID": 142, "NAMRJL": null, "KONRJL": 0, "MATRJL": 0, "FGSRJL": 0, "UTKRJL": 0, "TOLRJL": 0, "WLYRJL": 0, "AUTRJL": 0, "KLSRJL": 0, "SPCRJL": 0, "JPARJL": 0, "ARHRJL": 0, "STARJL": 0, "KLLRJL": null, "MEDRJL": 0, "LOCRJL": 0, "JARRJL": 0, "FCODE": null, "REMARK": "Jalan Lokal", "SRS_ID": null, "LCODE": "CA0080", "METADATA": null, "SHAPE_Leng": 0.00104696768, "Shape_Le_1": 115.732874564 }, "geometry": { "type": "MultiLineString", "coordinates": [ [ [ 110.383417362284987, -7.79167244516318, 111.029999999998836 ], [ 110.383407128675557, -7.791705698282535, 111.0 ], [ 110.383324621155964, -7.792110628442346, 110.839999999996508 ], [ 110.383222334442578, -7.792657719301697, 110.360000000000582 ], [ 110.383195104929968, -7.792690160742741, 110.130000000004657 ] ] ] } },
{ "type": "Feature", "properties": { "OBJECTID": 143, "NAMRJL": null, "KONRJL": 0, "MATRJL": 0, "FGSRJL": 0, "UTKRJL": 0, "TOLRJL": 0, "WLYRJL": 0, "AUTRJL": 0, "KLSRJL": 0, "SPCRJL": 0, "JPARJL": 0, "ARHRJL": 0, "STARJL": 0, "KLLRJL": null, "MEDRJL": 0, "LOCRJL": 0, "JARRJL": 0, "FCODE": null, "REMARK": "Jalan Lokal", "SRS_ID": null, "LCODE": "CA0080", "METADATA": null, "SHAPE_Leng": 0.00116728288, "Shape_Le_1": 128.719522458 }, "geometry": { "type": "MultiLineString", "coordinates": [ [ [ 110.382473597557606, -7.793355790399241, 109.648000000001048 ], [ 110.382507133658805, -7.793364477383767, 110.470000000001164 ], [ 110.382962877879166, -7.79348565878005, 108.919999999998254 ], [ 110.383323500608526, -7.793545718950385, 108.919999999998254 ], [ 110.38361591062322, -7.793588132016211, 110.5 ] ] ] } },
{ "type": "Feature", "properties": { "OBJECTID": 144, "NAMRJL": null, "KONRJL": 0, "MATRJL": 0, "FGSRJL": 0, "UTKRJL": 0, "TOLRJL": 0, "WLYRJL": 0, "AUTRJL": 0, "KLSRJL": 0, "SPCRJL": 0, "JPARJL": 0, "ARHRJL": 0, "STARJL": 0, "KLLRJL": null, "MEDRJL": 0, "LOCRJL": 0, "JARRJL": 0, "FCODE": null, "REMARK": "Jalan Lokal", "SRS_ID": null, "LCODE": "CA0080", "METADATA": null, "SHAPE_Leng": 0.00220472195, "Shape_Le_1": 243.560862633 }, "geometry": { "type": "MultiLineString", "coordinates": [ [ [ 110.382537690008149, -7.784891898111582, 118.039999999993597 ], [ 110.382387719396831, -7.78451475077748, 118.729999999995925 ], [ 110.382346584149857, -7.784388845878162, 118.729999999995925 ], [ 110.382362085558057, -7.784256746130355, 119.130000000004657 ], [ 110.383016193902193, -7.783465687724109, 120.929999999993015 ], [ 110.383246218241993, -7.783179562680635, 120.679999999993015 ], [ 110.383265139616384, -7.783041045790671, 120.119999999995343 ] ] ] } },
{ "type": "Feature", "properties": { "OBJECTID": 145, "NAMRJL": null, "KONRJL": 0, "MATRJL": 0, "FGSRJL": 0, "UTKRJL": 0, "TOLRJL": 0, "WLYRJL": 0, "AUTRJL": 0, "KLSRJL": 0, "SPCRJL": 0, "JPARJL": 0, "ARHRJL": 0, "STARJL": 0, "KLLRJL": null, "MEDRJL": 0, "LOCRJL": 0, "JARRJL": 0, "FCODE": null, "REMARK": "Jalan Lokal", "SRS_ID": null, "LCODE": "CA0080", "METADATA": null, "SHAPE_Leng": 0.00064473175, "Shape_Le_1": 71.275485210900001 }, "geometry": { "type": "MultiLineString", "coordinates": [ [ [ 110.377026998756776, -7.779241650155923, 124.899999999994179 ], [ 110.377025248645509, -7.779272220128682, 124.869999999995343 ], [ 110.377044122086744, -7.779407055555662, 124.869999999995343 ], [ 110.377055968241692, -7.779504137145731, 124.80000000000291 ], [ 110.377116513320047, -7.779879445168364, 123.346999999994296 ] ] ] } },
{ "type": "Feature", "properties": { "OBJECTID": 146, "NAMRJL": null, "KONRJL": 0, "MATRJL": 0, "FGSRJL": 0, "UTKRJL": 0, "TOLRJL": 0, "WLYRJL": 0, "AUTRJL": 0, "KLSRJL": 0, "SPCRJL": 0, "JPARJL": 0, "ARHRJL": 0, "STARJL": 0, "KLLRJL": null, "MEDRJL": 0, "LOCRJL": 0, "JARRJL": 0, "FCODE": null, "REMARK": "Jalan Lokal", "SRS_ID": null, "LCODE": "CA0080", "METADATA": null, "SHAPE_Leng": 0.0020173061, "Shape_Le_1": 217.740446236 }, "geometry": { "type": "MultiLineString", "coordinates": [ [ [ 110.393089294025287, -7.792618172001132, 109.449399999997695 ], [ 110.392642323120242, -7.792585978405833, 109.410000000003492 ], [ 110.391779379556297, -7.792474216928442, 109.600000000005821 ], [ 110.391136917794753, -7.792386831615111, 110.0 ], [ 110.391129057092982, -7.79238509269588, 110.0 ] ] ] } },
{ "type": "Feature", "properties": { "OBJECTID": 147, "NAMRJL": null, "KONRJL": 0, "MATRJL": 0, "FGSRJL": 0, "UTKRJL": 0, "TOLRJL": 0, "WLYRJL": 0, "AUTRJL": 0, "KLSRJL": 0, "SPCRJL": 0, "JPARJL": 0, "ARHRJL": 0, "STARJL": 0, "KLLRJL": null, "MEDRJL": 0, "LOCRJL": 0, "JARRJL": 0, "FCODE": null, "REMARK": "Jalan Lokal", "SRS_ID": null, "LCODE": "CA0080", "METADATA": null, "SHAPE_Leng": 0.00135557505, "Shape_Le_1": 149.82599570400001 }, "geometry": { "type": "MultiLineString", "coordinates": [ [ [ 110.381855540142894, -7.795625841371234, 106.369999999995343 ], [ 110.381884845710118, -7.795556489889897, 106.529999999998836 ], [ 110.382293582375112, -7.79434320224995, 107.919999999998254 ] ] ] } },
{ "type": "Feature", "properties": { "OBJECTID": 148, "NAMRJL": null, "KONRJL": 0, "MATRJL": 0, "FGSRJL": 0, "UTKRJL": 0, "TOLRJL": 0, "WLYRJL": 0, "AUTRJL": 0, "KLSRJL": 0, "SPCRJL": 0, "JPARJL": 0, "ARHRJL": 0, "STARJL": 0, "KLLRJL": null, "MEDRJL": 0, "LOCRJL": 0, "JARRJL": 0, "FCODE": null, "REMARK": "Jalan Lokal", "SRS_ID": null, "LCODE": "CA0080", "METADATA": null, "SHAPE_Leng": 0.00076679057, "Shape_Le_1": 84.767032603700002 }, "geometry": { "type": "MultiLineString", "coordinates": [ [ [ 110.374476179584576, -7.785840161086434, 116.929999999993015 ], [ 110.374506047801063, -7.785697427866093, 116.960000000006403 ], [ 110.374610435825517, -7.785085299288287, 117.830000000001746 ] ] ] } },
{ "type": "Feature", "properties": { "OBJECTID": 149, "NAMRJL": null, "KONRJL": 0, "MATRJL": 0, "FGSRJL": 0, "UTKRJL": 0, "TOLRJL": 0, "WLYRJL": 0, "AUTRJL": 0, "KLSRJL": 0, "SPCRJL": 0, "JPARJL": 0, "ARHRJL": 0, "STARJL": 0, "KLLRJL": null, "MEDRJL": 0, "LOCRJL": 0, "JARRJL": 0, "FCODE": null, "REMARK": "Jalan Lokal", "SRS_ID": null, "LCODE": "CA0080", "METADATA": null, "SHAPE_Leng": 0.00165188858, "Shape_Le_1": 182.47376694600001 }, "geometry": { "type": "MultiLineString", "coordinates": [ [ [ 110.389038552046117, -7.792020151012454, 110.309999999997672 ], [ 110.38906803354763, -7.791884118356017, 110.839999999996508 ], [ 110.38913552057646, -7.791739891313388, 110.839999999996508 ], [ 110.389248845998395, -7.791456281314638, 110.839999999996508 ], [ 110.389403568372146, -7.79112589515353, 111.0 ], [ 110.389641402828289, -7.790764033924916, 111.059999999997672 ], [ 110.389652084008375, -7.79076582215694, 111.059999999997672 ], [ 110.389889485930183, -7.790796501422663, 110.957999999998719 ] ] ] } },
{ "type": "Feature", "properties": { "OBJECTID": 150, "NAMRJL": null, "KONRJL": 0, "MATRJL": 0, "FGSRJL": 0, "UTKRJL": 0, "TOLRJL": 0, "WLYRJL": 0, "AUTRJL": 0, "KLSRJL": 0, "SPCRJL": 0, "JPARJL": 0, "ARHRJL": 0, "STARJL": 0, "KLLRJL": null, "MEDRJL": 0, "LOCRJL": 0, "JARRJL": 0, "FCODE": null, "REMARK": "Jalan Lokal", "SRS_ID": null, "LCODE": "CA0080", "METADATA": null, "SHAPE_Leng": 0.00057963211, "Shape_Le_1": 64.081188753199996 }, "geometry": { "type": "MultiLineString", "coordinates": [ [ [ 110.377306283663799, -7.787727675785474, 115.0 ], [ 110.377353607865047, -7.787149978709156, 116.369999999995343 ] ] ] } },
{ "type": "Feature", "properties": { "OBJECTID": 151, "NAMRJL": null, "KONRJL": 0, "MATRJL": 0, "FGSRJL": 0, "UTKRJL": 0, "TOLRJL": 0, "WLYRJL": 0, "AUTRJL": 0, "KLSRJL": 0, "SPCRJL": 0, "JPARJL": 0, "ARHRJL": 0, "STARJL": 0, "KLLRJL": null, "MEDRJL": 0, "LOCRJL": 0, "JARRJL": 0, "FCODE": null, "REMARK": "Jalan Lokal", "SRS_ID": null, "LCODE": "CA0080", "METADATA": null, "SHAPE_Leng": 0.00041487332, "Shape_Le_1": 45.841316374400002 }, "geometry": { "type": "MultiLineString", "coordinates": [ [ [ 110.386285125230373, -7.785465291162994, 119.529999999998836 ], [ 110.38618573479458, -7.785321971741436, 119.75 ], [ 110.386166181632021, -7.78519093358452, 119.970000000001164 ], [ 110.386203866285541, -7.785114928422526, 120.149999999994179 ], [ 110.386220124267822, -7.785098461751836, 120.190000000002328 ] ] ] } },
{ "type": "Feature", "properties": { "OBJECTID": 152, "NAMRJL": null, "KONRJL": 0, "MATRJL": 0, "FGSRJL": 0, "UTKRJL": 0, "TOLRJL": 0, "WLYRJL": 0, "AUTRJL": 0, "KLSRJL": 0, "SPCRJL": 0, "JPARJL": 0, "ARHRJL": 0, "STARJL": 0, "KLLRJL": null, "MEDRJL": 0, "LOCRJL": 0, "JARRJL": 0, "FCODE": null, "REMARK": "Jalan Lokal", "SRS_ID": null, "LCODE": "CA0080", "METADATA": null, "SHAPE_Leng": 0.00112711554, "Shape_Le_1": 124.28600064600001 }, "geometry": { "type": "MultiLineString", "coordinates": [ [ [ 110.374282707821465, -7.786785525183708, 115.619999999995343 ], [ 110.373871494368416, -7.786817561983993, 115.220000000001164 ], [ 110.373774620000987, -7.786821027920166, 113.789999999993597 ], [ 110.373183522333193, -7.786886021057692, 114.710000000006403 ], [ 110.373171449098564, -7.786905667302113, 115.129000000000815 ] ] ] } },
{ "type": "Feature", "properties": { "OBJECTID": 153, "NAMRJL": null, "KONRJL": 0, "MATRJL": 0, "FGSRJL": 0, "UTKRJL": 0, "TOLRJL": 0, "WLYRJL": 0, "AUTRJL": 0, "KLSRJL": 0, "SPCRJL": 0, "JPARJL": 0, "ARHRJL": 0, "STARJL": 0, "KLLRJL": null, "MEDRJL": 0, "LOCRJL": 0, "JARRJL": 0, "FCODE": null, "REMARK": "Jalan Lokal", "SRS_ID": null, "LCODE": "CA0080", "METADATA": null, "SHAPE_Leng": 0.00266759738, "Shape_Le_1": 294.225497856 }, "geometry": { "type": "MultiLineString", "coordinates": [ [ [ 110.39136496364425, -7.786196161069799, 116.460000000006403 ], [ 110.391062367644111, -7.786176072422805, 116.740000000005239 ], [ 110.389979680301622, -7.786051636982637, 117.610000000000582 ], [ 110.389977065261149, -7.78606003616423, 117.610000000000582 ], [ 110.389960237172644, -7.78620110723596, 117.55000000000291 ], [ 110.389929803792583, -7.786330535714273, 117.330000000001746 ], [ 110.389877669132801, -7.786358527798915, 117.330000000001746 ], [ 110.389646145947339, -7.786340836960396, 117.330000000001746 ], [ 110.38928965309276, -7.786319347966584, 117.330000000001746 ], [ 110.388949038787914, -7.78628663843985, 117.44999999999709 ] ] ] } },
{ "type": "Feature", "properties": { "OBJECTID": 154, "NAMRJL": null, "KONRJL": 0, "MATRJL": 0, "FGSRJL": 0, "UTKRJL": 0, "TOLRJL": 0, "WLYRJL": 0, "AUTRJL": 0, "KLSRJL": 0, "SPCRJL": 0, "JPARJL": 0, "ARHRJL": 0, "STARJL": 0, "KLLRJL": null, "MEDRJL": 0, "LOCRJL": 0, "JARRJL": 0, "FCODE": null, "REMARK": "Jalan Lokal", "SRS_ID": null, "LCODE": "CA0080", "METADATA": null, "SHAPE_Leng": 0.00059500009, "Shape_Le_1": 65.780115776700001 }, "geometry": { "type": "MultiLineString", "coordinates": [ [ [ 110.380922289305573, -7.792483122384398, 109.100000000005821 ], [ 110.380926954711086, -7.792906586077826, 108.389999999999418 ], [ 110.380929614800323, -7.793040539315565, 108.389999999999418 ], [ 110.380941788262618, -7.793076041153781, 108.080000000001746 ] ] ] } },
{ "type": "Feature", "properties": { "OBJECTID": 155, "NAMRJL": null, "KONRJL": 0, "MATRJL": 0, "FGSRJL": 0, "UTKRJL": 0, "TOLRJL": 0, "WLYRJL": 0, "AUTRJL": 0, "KLSRJL": 0, "SPCRJL": 0, "JPARJL": 0, "ARHRJL": 0, "STARJL": 0, "KLLRJL": null, "MEDRJL": 0, "LOCRJL": 0, "JARRJL": 0, "FCODE": null, "REMARK": "Jalan Lokal", "SRS_ID": null, "LCODE": "CA0080", "METADATA": null, "SHAPE_Leng": 0.00139976973, "Shape_Le_1": 154.48302479399999 }, "geometry": { "type": "MultiLineString", "coordinates": [ [ [ 110.369790763658784, -7.7870478651082, 113.05000000000291 ], [ 110.369628179676525, -7.787119758206068, 112.389999999999418 ], [ 110.369341322212776, -7.787347169001402, 111.520000000004075 ], [ 110.368789645910098, -7.787807314134525, 108.529999999998836 ], [ 110.368659398756535, -7.78785153169563, 107.580000000001746 ] ] ] } },
{ "type": "Feature", "properties": { "OBJECTID": 156, "NAMRJL": null, "KONRJL": 0, "MATRJL": 0, "FGSRJL": 0, "UTKRJL": 0, "TOLRJL": 0, "WLYRJL": 0, "AUTRJL": 0, "KLSRJL": 0, "SPCRJL": 0, "JPARJL": 0, "ARHRJL": 0, "STARJL": 0, "KLLRJL": null, "MEDRJL": 0, "LOCRJL": 0, "JARRJL": 0, "FCODE": null, "REMARK": "Jalan Lokal", "SRS_ID": null, "LCODE": "CA0080", "METADATA": null, "SHAPE_Leng": 0.00078945474, "Shape_Le_1": 87.277068148599994 }, "geometry": { "type": "MultiLineString", "coordinates": [ [ [ 110.38255781925254, -7.791435549730277, 111.399999999994179 ], [ 110.382562263432632, -7.791355570079098, 111.399999999994179 ], [ 110.3826167206077, -7.790974234172126, 111.929999999993015 ], [ 110.38262577483529, -7.790650214442604, 112.460000000006403 ] ] ] } },
{ "type": "Feature", "properties": { "OBJECTID": 157, "NAMRJL": null, "KONRJL": 0, "MATRJL": 0, "FGSRJL": 0, "UTKRJL": 0, "TOLRJL": 0, "WLYRJL": 0, "AUTRJL": 0, "KLSRJL": 0, "SPCRJL": 0, "JPARJL": 0, "ARHRJL": 0, "STARJL": 0, "KLLRJL": null, "MEDRJL": 0, "LOCRJL": 0, "JARRJL": 0, "FCODE": null, "REMARK": "Jalan Lokal", "SRS_ID": null, "LCODE": "CA0080", "METADATA": null, "SHAPE_Leng": 0.00043535769, "Shape_Le_1": 48.129747662699998 }, "geometry": { "type": "MultiLineString", "coordinates": [ [ [ 110.393266185065102, -7.791463816219562, 110.440000000002328 ], [ 110.39321371290535, -7.791895999857978, 110.440000000002328 ] ] ] } },
{ "type": "Feature", "properties": { "OBJECTID": 158, "NAMRJL": null, "KONRJL": 0, "MATRJL": 0, "FGSRJL": 0, "UTKRJL": 0, "TOLRJL": 0, "WLYRJL": 0, "AUTRJL": 0, "KLSRJL": 0, "SPCRJL": 0, "JPARJL": 0, "ARHRJL": 0, "STARJL": 0, "KLLRJL": null, "MEDRJL": 0, "LOCRJL": 0, "JARRJL": 0, "FCODE": null, "REMARK": "Jalan Lokal", "SRS_ID": null, "LCODE": "CA0080", "METADATA": null, "SHAPE_Leng": 0.00169618326, "Shape_Le_1": 187.05089310700001 }, "geometry": { "type": "MultiLineString", "coordinates": [ [ [ 110.387845864893208, -7.791758951591204, 110.589999999996508 ], [ 110.387810771896568, -7.791748779377235, 110.589999999996508 ], [ 110.387066342998509, -7.79158101934338, 111.589999999996508 ], [ 110.386502064308289, -7.791417028413248, 112.149999999994179 ], [ 110.386203674076214, -7.791383943351636, 111.619999999995343 ], [ 110.38620070643735, -7.7913921249055, 111.610000000000582 ] ] ] } },
{ "type": "Feature", "properties": { "OBJECTID": 159, "NAMRJL": null, "KONRJL": 0, "MATRJL": 0, "FGSRJL": 0, "UTKRJL": 0, "TOLRJL": 0, "WLYRJL": 0, "AUTRJL": 0, "KLSRJL": 0, "SPCRJL": 0, "JPARJL": 0, "ARHRJL": 0, "STARJL": 0, "KLLRJL": null, "MEDRJL": 0, "LOCRJL": 0, "JARRJL": 0, "FCODE": null, "REMARK": "Jalan Lokal", "SRS_ID": null, "LCODE": "CA0080", "METADATA": null, "SHAPE_Leng": 0.00011298648, "Shape_Le_1": 12.491093194899999 }, "geometry": { "type": "MultiLineString", "coordinates": [ [ [ 110.387795388129518, -7.787952989605491, 115.990000000005239 ], [ 110.387806415549136, -7.788065436679708, 115.987899999992806 ] ] ] } },
{ "type": "Feature", "properties": { "OBJECTID": 160, "NAMRJL": null, "KONRJL": 0, "MATRJL": 0, "FGSRJL": 0, "UTKRJL": 0, "TOLRJL": 0, "WLYRJL": 0, "AUTRJL": 0, "KLSRJL": 0, "SPCRJL": 0, "JPARJL": 0, "ARHRJL": 0, "STARJL": 0, "KLLRJL": null, "MEDRJL": 0, "LOCRJL": 0, "JARRJL": 0, "FCODE": null, "REMARK": "Jalan Lokal", "SRS_ID": null, "LCODE": "CA0080", "METADATA": null, "SHAPE_Leng": 0.00233673971, "Shape_Le_1": 258.20227096899998 }, "geometry": { "type": "MultiLineString", "coordinates": [ [ [ 110.376349028346567, -7.781744237608635, 121.279599999994389 ], [ 110.376320036189554, -7.781742838221537, 121.279599999994389 ], [ 110.376021152962082, -7.781711328739861, 121.330000000001746 ], [ 110.375972162824866, -7.781661137632991, 121.330000000001746 ], [ 110.375993445368181, -7.781546530983144, 121.460000000006403 ], [ 110.376019698910824, -7.781314634419951, 121.639999999999418 ], [ 110.376135683939296, -7.780450063554431, 122.320000000006985 ], [ 110.376268731600121, -7.779846596273571, 123.919999999998254 ], [ 110.376188040756134, -7.779793093316167, 123.502299999992829 ] ] ] } },
{ "type": "Feature", "properties": { "OBJECTID": 161, "NAMRJL": null, "KONRJL": 0, "MATRJL": 0, "FGSRJL": 0, "UTKRJL": 0, "TOLRJL": 0, "WLYRJL": 0, "AUTRJL": 0, "KLSRJL": 0, "SPCRJL": 0, "JPARJL": 0, "ARHRJL": 0, "STARJL": 0, "KLLRJL": null, "MEDRJL": 0, "LOCRJL": 0, "JARRJL": 0, "FCODE": null, "REMARK": "Jalan Arteri", "SRS_ID": null, "LCODE": "CA0080", "METADATA": null, "SHAPE_Leng": 0.00138035999, "Shape_Le_1": 59.8048075066 }, "geometry": { "type": "MultiLineString", "coordinates": [ [ [ 110.390283963639391, -7.783103174715987, 121.513000000006286 ], [ 110.39038526589367, -7.783104052967018, 121.429999999993015 ], [ 110.390767010970322, -7.783102539107418, 121.210000000006403 ], [ 110.390826340535781, -7.783102303209619, 121.175900000002002 ] ] ] } },
{ "type": "Feature", "properties": { "OBJECTID": 162, "NAMRJL": null, "KONRJL": 0, "MATRJL": 0, "FGSRJL": 0, "UTKRJL": 0, "TOLRJL": 0, "WLYRJL": 0, "AUTRJL": 0, "KLSRJL": 0, "SPCRJL": 0, "JPARJL": 0, "ARHRJL": 0, "STARJL": 0, "KLLRJL": null, "MEDRJL": 0, "LOCRJL": 0, "JARRJL": 0, "FCODE": null, "REMARK": "Jalan Lokal", "SRS_ID": null, "LCODE": "CA0080", "METADATA": null, "SHAPE_Leng": 0.00115925455, "Shape_Le_1": 127.955028978 }, "geometry": { "type": "MultiLineString", "coordinates": [ [ [ 110.377909659136648, -7.77927466616047, 124.029999999998836 ], [ 110.377891476550118, -7.779242564564809, 124.059999999997672 ], [ 110.377623149956491, -7.778989442032531, 124.389999999999418 ], [ 110.377482942256975, -7.778939415819377, 124.389999999999418 ], [ 110.377348623274898, -7.77893667710318, 124.389999999999418 ], [ 110.377238762274374, -7.778971837152283, 124.839999999996508 ], [ 110.3771976391062, -7.779048108669935, 124.869999999995343 ], [ 110.377109352579097, -7.779200715184994, 124.839999999996508 ], [ 110.377026998756776, -7.779241650155923, 124.899999999994179 ] ] ] } },
{ "type": "Feature", "properties": { "OBJECTID": 163, "NAMRJL": null, "KONRJL": 0, "MATRJL": 0, "FGSRJL": 0, "UTKRJL": 0, "TOLRJL": 0, "WLYRJL": 0, "AUTRJL": 0, "KLSRJL": 0, "SPCRJL": 0, "JPARJL": 0, "ARHRJL": 0, "STARJL": 0, "KLLRJL": null, "MEDRJL": 0, "LOCRJL": 0, "JARRJL": 0, "FCODE": null, "REMARK": "Jalan Lokal", "SRS_ID": null, "LCODE": "CA0080", "METADATA": null, "SHAPE_Leng": 0.00052940566, "Shape_Le_1": 58.378999956500003 }, "geometry": { "type": "MultiLineString", "coordinates": [ [ [ 110.381969227314755, -7.792187319175575, 110.470000000001164 ], [ 110.382000815775697, -7.792181386416132, 110.589999999996508 ], [ 110.382284685627013, -7.79211561710726, 110.690000000002328 ], [ 110.382487617736317, -7.792150303407244, 110.309999999997672 ] ] ] } },
{ "type": "Feature", "properties": { "OBJECTID": 164, "NAMRJL": null, "KONRJL": 0, "MATRJL": 0, "FGSRJL": 0, "UTKRJL": 0, "TOLRJL": 0, "WLYRJL": 0, "AUTRJL": 0, "KLSRJL": 0, "SPCRJL": 0, "JPARJL": 0, "ARHRJL": 0, "STARJL": 0, "KLLRJL": null, "MEDRJL": 0, "LOCRJL": 0, "JARRJL": 0, "FCODE": null, "REMARK": "Jalan Lokal", "SRS_ID": null, "LCODE": "CA0080", "METADATA": null, "SHAPE_Leng": 0.000886785, "Shape_Le_1": 97.785144373500003 }, "geometry": { "type": "MultiLineString", "coordinates": [ [ [ 110.373130315031261, -7.78787896097822, 113.880000000004657 ], [ 110.372995440642924, -7.787912463640875, 113.44999999999709 ], [ 110.372830764685546, -7.78793969912936, 113.419999999998254 ], [ 110.372595627904545, -7.787973849292769, 112.830000000001746 ], [ 110.37225475442574, -7.787933148172561, 113.759999999994761 ] ] ] } },
{ "type": "Feature", "properties": { "OBJECTID": 165, "NAMRJL": null, "KONRJL": 0, "MATRJL": 0, "FGSRJL": 0, "UTKRJL": 0, "TOLRJL": 0, "WLYRJL": 0, "AUTRJL": 0, "KLSRJL": 0, "SPCRJL": 0, "JPARJL": 0, "ARHRJL": 0, "STARJL": 0, "KLLRJL": null, "MEDRJL": 0, "LOCRJL": 0, "JARRJL": 0, "FCODE": null, "REMARK": "Jalan Lokal", "SRS_ID": null, "LCODE": "CA0080", "METADATA": null, "SHAPE_Leng": 0.00110535269, "Shape_Le_1": 121.88648184900001 }, "geometry": { "type": "MultiLineString", "coordinates": [ [ [ 110.382011015370509, -7.792641463913501, 110.100000000005821 ], [ 110.381982184194882, -7.792641069099587, 109.44999999999709 ], [ 110.381400594010302, -7.792606184433241, 107.860000000000582 ], [ 110.380951825972957, -7.792490989579036, 108.820000000006985 ], [ 110.380922289305573, -7.792483122384398, 109.100000000005821 ] ] ] } },
{ "type": "Feature", "properties": { "OBJECTID": 166, "NAMRJL": null, "KONRJL": 0, "MATRJL": 0, "FGSRJL": 0, "UTKRJL": 0, "TOLRJL": 0, "WLYRJL": 0, "AUTRJL": 0, "KLSRJL": 0, "SPCRJL": 0, "JPARJL": 0, "ARHRJL": 0, "STARJL": 0, "KLLRJL": null, "MEDRJL": 0, "LOCRJL": 0, "JARRJL": 0, "FCODE": null, "REMARK": "Jalan Lokal", "SRS_ID": null, "LCODE": "CA0080", "METADATA": null, "SHAPE_Leng": 0.00349317194, "Shape_Le_1": 385.21573782000002 }, "geometry": { "type": "MultiLineString", "coordinates": [ [ [ 110.389889485930183, -7.790796501422663, 110.957999999998719 ], [ 110.390095505431688, -7.790823119348852, 110.869999999995343 ], [ 110.390400673346278, -7.790853705907017, 110.869999999995343 ], [ 110.390485583913417, -7.790864392771889, 110.869999999995343 ], [ 110.390799577370984, -7.790913796604169, 110.899999999994179 ], [ 110.390994025445579, -7.790952273747858, 110.899999999994179 ], [ 110.391131236417507, -7.790970678793498, 110.899999999994179 ], [ 110.391631414978065, -7.791039805601688, 110.899999999994179 ], [ 110.392105075810989, -7.791114483696203, 110.690000000002328 ], [ 110.392912284589372, -7.791282651443802, 110.5 ], [ 110.392987053164475, -7.791295113324396, 110.440000000002328 ], [ 110.393239903020415, -7.791381096851545, 110.460000000006403 ], [ 110.393266185065102, -7.791463816219562, 110.440000000002328 ] ] ] } },
{ "type": "Feature", "properties": { "OBJECTID": 167, "NAMRJL": null, "KONRJL": 0, "MATRJL": 0, "FGSRJL": 0, "UTKRJL": 0, "TOLRJL": 0, "WLYRJL": 0, "AUTRJL": 0, "KLSRJL": 0, "SPCRJL": 0, "JPARJL": 0, "ARHRJL": 0, "STARJL": 0, "KLLRJL": null, "MEDRJL": 0, "LOCRJL": 0, "JARRJL": 0, "FCODE": null, "REMARK": "Jalan Lokal", "SRS_ID": null, "LCODE": "CA0080", "METADATA": null, "SHAPE_Leng": 0.00314686946, "Shape_Le_1": 19.157292019300002 }, "geometry": { "type": "MultiLineString", "coordinates": [ [ [ 110.379656531425127, -7.779065395131448, 123.869999999995343 ], [ 110.379779514731013, -7.778942997912005, 123.782099999996717 ] ] ] } },
{ "type": "Feature", "properties": { "OBJECTID": 168, "NAMRJL": null, "KONRJL": 0, "MATRJL": 0, "FGSRJL": 0, "UTKRJL": 0, "TOLRJL": 0, "WLYRJL": 0, "AUTRJL": 0, "KLSRJL": 0, "SPCRJL": 0, "JPARJL": 0, "ARHRJL": 0, "STARJL": 0, "KLLRJL": null, "MEDRJL": 0, "LOCRJL": 0, "JARRJL": 0, "FCODE": null, "REMARK": "Jalan Lokal", "SRS_ID": null, "LCODE": "CA0080", "METADATA": null, "SHAPE_Leng": 0.00225270689, "Shape_Le_1": 248.402734025 }, "geometry": { "type": "MultiLineString", "coordinates": [ [ [ 110.384069137893121, -7.785562226190674, 119.320000000006985 ], [ 110.384172001111864, -7.785575129228086, 119.330000000001746 ], [ 110.384732239873998, -7.78555559087001, 119.410000000003492 ], [ 110.385022079161573, -7.785541232435304, 119.75 ], [ 110.386007583430683, -7.785555386069322, 120.089999999996508 ], [ 110.386280633433969, -7.785498796918615, 119.75 ], [ 110.386285125230373, -7.785465291162994, 119.529999999998836 ] ] ] } },
{ "type": "Feature", "properties": { "OBJECTID": 169, "NAMRJL": null, "KONRJL": 0, "MATRJL": 0, "FGSRJL": 0, "UTKRJL": 0, "TOLRJL": 0, "WLYRJL": 0, "AUTRJL": 0, "KLSRJL": 0, "SPCRJL": 0, "JPARJL": 0, "ARHRJL": 0, "STARJL": 0, "KLLRJL": null, "MEDRJL": 0, "LOCRJL": 0, "JARRJL": 0, "FCODE": null, "REMARK": "Jalan Lokal", "SRS_ID": null, "LCODE": "CA0080", "METADATA": null, "SHAPE_Leng": 0.00214090404, "Shape_Le_1": 171.87332727899999 }, "geometry": { "type": "MultiLineString", "coordinates": [ [ [ 110.391651248717622, -7.784443992247071, 119.25 ], [ 110.391369679808676, -7.784423517090319, 119.25 ], [ 110.39094083763321, -7.784361584395417, 119.327999999994063 ], [ 110.390328916076697, -7.784273210578166, 119.440000000002328 ], [ 110.390106851147621, -7.784238149796603, 119.970000000001164 ] ] ] } },
{ "type": "Feature", "properties": { "OBJECTID": 170, "NAMRJL": null, "KONRJL": 0, "MATRJL": 0, "FGSRJL": 0, "UTKRJL": 0, "TOLRJL": 0, "WLYRJL": 0, "AUTRJL": 0, "KLSRJL": 0, "SPCRJL": 0, "JPARJL": 0, "ARHRJL": 0, "STARJL": 0, "KLLRJL": null, "MEDRJL": 0, "LOCRJL": 0, "JARRJL": 0, "FCODE": null, "REMARK": "Jalan Lokal", "SRS_ID": null, "LCODE": "CA0080", "METADATA": null, "SHAPE_Leng": 0.00027522783, "Shape_Le_1": 30.358552767500001 }, "geometry": { "type": "MultiLineString", "coordinates": [ [ [ 110.386976893196149, -7.786109112043526, 118.380000000004657 ], [ 110.38718794231481, -7.786067330043095, 118.380000000004657 ], [ 110.387230022724893, -7.786024445412203, 118.380000000004657 ] ] ] } },
{ "type": "Feature", "properties": { "OBJECTID": 171, "NAMRJL": null, "KONRJL": 0, "MATRJL": 0, "FGSRJL": 0, "UTKRJL": 0, "TOLRJL": 0, "WLYRJL": 0, "AUTRJL": 0, "KLSRJL": 0, "SPCRJL": 0, "JPARJL": 0, "ARHRJL": 0, "STARJL": 0, "KLLRJL": null, "MEDRJL": 0, "LOCRJL": 0, "JARRJL": 0, "FCODE": null, "REMARK": "Jalan Lokal", "SRS_ID": null, "LCODE": "CA0080", "METADATA": null, "SHAPE_Leng": 0.00158574127, "Shape_Le_1": 106.51228044699999 }, "geometry": { "type": "MultiLineString", "coordinates": [ [ [ 110.375541465569938, -7.776086689604988, 127.278999999994994 ], [ 110.375016865567716, -7.776108342380267, 127.045400000002701 ] ], [ [ 110.374778827479673, -7.776108533714321, 127.091899999999441 ], [ 110.374421990319604, -7.776093189451839, 127.410000000003492 ], [ 110.374339731360621, -7.776094242297646, 127.383300000001327 ] ], [ [ 110.37432919557088, -7.776094409483167, 127.378200000006473 ], [ 110.374327724289046, -7.776094597262671, 127.369000000006054 ] ] ] } },
{ "type": "Feature", "properties": { "OBJECTID": 172, "NAMRJL": null, "KONRJL": 0, "MATRJL": 0, "FGSRJL": 0, "UTKRJL": 0, "TOLRJL": 0, "WLYRJL": 0, "AUTRJL": 0, "KLSRJL": 0, "SPCRJL": 0, "JPARJL": 0, "ARHRJL": 0, "STARJL": 0, "KLLRJL": null, "MEDRJL": 0, "LOCRJL": 0, "JARRJL": 0, "FCODE": null, "REMARK": "Jalan Lokal", "SRS_ID": null, "LCODE": "CA0080", "METADATA": null, "SHAPE_Leng": 0.00077060251, "Shape_Le_1": 85.189856962299999 }, "geometry": { "type": "MultiLineString", "coordinates": [ [ [ 110.377187231173096, -7.788488685447713, 115.839999999996508 ], [ 110.377257849600298, -7.788111036640279, 115.25 ], [ 110.377306283663799, -7.787727675785474, 115.0 ] ] ] } },
{ "type": "Feature", "properties": { "OBJECTID": 173, "NAMRJL": null, "KONRJL": 0, "MATRJL": 0, "FGSRJL": 0, "UTKRJL": 0, "TOLRJL": 0, "WLYRJL": 0, "AUTRJL": 0, "KLSRJL": 0, "SPCRJL": 0, "JPARJL": 0, "ARHRJL": 0, "STARJL": 0, "KLLRJL": null, "MEDRJL": 0, "LOCRJL": 0, "JARRJL": 0, "FCODE": null, "REMARK": "Jalan Lokal", "SRS_ID": null, "LCODE": "CA0080", "METADATA": null, "SHAPE_Leng": 0.00211310826, "Shape_Le_1": 233.606325505 }, "geometry": { "type": "MultiLineString", "coordinates": [ [ [ 110.378629709015556, -7.787061806562396, 116.649999999994179 ], [ 110.378723975987882, -7.786347297998157, 116.860000000000582 ], [ 110.378798903964707, -7.785782530313388, 117.479999999995925 ], [ 110.378916395608485, -7.785031739435356, 118.070000000006985 ], [ 110.378925049432027, -7.784969575875306, 118.070000000006985 ] ] ] } },
{ "type": "Feature", "properties": { "OBJECTID": 174, "NAMRJL": null, "KONRJL": 0, "MATRJL": 0, "FGSRJL": 0, "UTKRJL": 0, "TOLRJL": 0, "WLYRJL": 0, "AUTRJL": 0, "KLSRJL": 0, "SPCRJL": 0, "JPARJL": 0, "ARHRJL": 0, "STARJL": 0, "KLLRJL": null, "MEDRJL": 0, "LOCRJL": 0, "JARRJL": 0, "FCODE": null, "REMARK": "Jalan Lokal", "SRS_ID": null, "LCODE": "CA0080", "METADATA": null, "SHAPE_Leng": 0.00072782153, "Shape_Le_1": 77.566070562099995 }, "geometry": { "type": "MultiLineString", "coordinates": [ [ [ 110.393134096282623, -7.792592954976425, 109.474900000001071 ], [ 110.393150608839491, -7.792399109370324, 109.660000000003492 ], [ 110.393176046914974, -7.792198760416153, 109.839999999996508 ], [ 110.393212786572462, -7.791909466762731, 110.100000000005821 ], [ 110.39321371290535, -7.791895999857978, 110.440000000002328 ] ] ] } },
{ "type": "Feature", "properties": { "OBJECTID": 175, "NAMRJL": null, "KONRJL": 0, "MATRJL": 0, "FGSRJL": 0, "UTKRJL": 0, "TOLRJL": 0, "WLYRJL": 0, "AUTRJL": 0, "KLSRJL": 0, "SPCRJL": 0, "JPARJL": 0, "ARHRJL": 0, "STARJL": 0, "KLLRJL": null, "MEDRJL": 0, "LOCRJL": 0, "JARRJL": 0, "FCODE": null, "REMARK": "Jalan Lokal", "SRS_ID": null, "LCODE": "CA0080", "METADATA": null, "SHAPE_Leng": 0.00093126088, "Shape_Le_1": 102.68697357800001 }, "geometry": { "type": "MultiLineString", "coordinates": [ [ [ 110.378582905940604, -7.781080590656749, 123.259999999994761 ], [ 110.378552401375501, -7.781083910769294, 123.19999999999709 ], [ 110.378160803933113, -7.781083246592484, 123.085500000001048 ], [ 110.377656412850541, -7.781015066585019, 122.360000000000582 ] ] ] } },
{ "type": "Feature", "properties": { "OBJECTID": 176, "NAMRJL": null, "KONRJL": 0, "MATRJL": 0, "FGSRJL": 0, "UTKRJL": 0, "TOLRJL": 0, "WLYRJL": 0, "AUTRJL": 0, "KLSRJL": 0, "SPCRJL": 0, "JPARJL": 0, "ARHRJL": 0, "STARJL": 0, "KLLRJL": null, "MEDRJL": 0, "LOCRJL": 0, "JARRJL": 0, "FCODE": null, "REMARK": "Jalan Lokal", "SRS_ID": null, "LCODE": "CA0080", "METADATA": null, "SHAPE_Leng": 0.00100569467, "Shape_Le_1": 110.902769241 }, "geometry": { "type": "MultiLineString", "coordinates": [ [ [ 110.381944000931355, -7.793686721226921, 108.729999999995925 ], [ 110.381915103962129, -7.79368166806361, 108.669999999998254 ], [ 110.381619831843778, -7.793618228766796, 108.169999999998254 ], [ 110.380989861565226, -7.79349169900093, 107.660000000003492 ], [ 110.380963514642175, -7.793473895865513, 107.679999999993015 ] ] ] } },
{ "type": "Feature", "properties": { "OBJECTID": 177, "NAMRJL": null, "KONRJL": 0, "MATRJL": 0, "FGSRJL": 0, "UTKRJL": 0, "TOLRJL": 0, "WLYRJL": 0, "AUTRJL": 0, "KLSRJL": 0, "SPCRJL": 0, "JPARJL": 0, "ARHRJL": 0, "STARJL": 0, "KLLRJL": null, "MEDRJL": 0, "LOCRJL": 0, "JARRJL": 0, "FCODE": null, "REMARK": "Jalan Lokal", "SRS_ID": null, "LCODE": "CA0080", "METADATA": null, "SHAPE_Leng": 0.00289958436, "Shape_Le_1": 317.25688068699998 }, "geometry": { "type": "MultiLineString", "coordinates": [ [ [ 110.388209397242591, -7.780246870482366, 127.087299999999232 ], [ 110.387897889613683, -7.78193415359228, 125.429999999993015 ], [ 110.387786316259835, -7.782643168323402, 124.279999999998836 ], [ 110.387783305101195, -7.782749552996802, 124.869999999995343 ], [ 110.387756173602327, -7.783078304928822, 123.19999999999709 ] ] ] } },
{ "type": "Feature", "properties": { "OBJECTID": 178, "NAMRJL": null, "KONRJL": 0, "MATRJL": 0, "FGSRJL": 0, "UTKRJL": 0, "TOLRJL": 0, "WLYRJL": 0, "AUTRJL": 0, "KLSRJL": 0, "SPCRJL": 0, "JPARJL": 0, "ARHRJL": 0, "STARJL": 0, "KLLRJL": null, "MEDRJL": 0, "LOCRJL": 0, "JARRJL": 0, "FCODE": null, "REMARK": "Jalan Lokal", "SRS_ID": null, "LCODE": "CA0080", "METADATA": null, "SHAPE_Leng": 0.00390538261, "Shape_Le_1": 430.78274418199999 }, "geometry": { "type": "MultiLineString", "coordinates": [ [ [ 110.39321371290535, -7.791895999857978, 110.440000000002328 ], [ 110.393177052847008, -7.791884350569564, 110.100000000005821 ], [ 110.392669299954733, -7.791783729371153, 110.100000000005821 ], [ 110.39219428533039, -7.791703839896811, 110.070000000006985 ], [ 110.390713427288659, -7.791384138046404, 110.0 ], [ 110.390275144265786, -7.791348521018098, 110.0 ], [ 110.389955766844849, -7.791302962260177, 110.130000000004657 ], [ 110.389836485963386, -7.791252699409465, 110.160000000003492 ], [ 110.389843487000974, -7.791190432749914, 110.350000000005821 ], [ 110.389887877583845, -7.790960903698872, 110.470000000001164 ], [ 110.389889485930183, -7.790796501422663, 110.957999999998719 ] ] ] } },
{ "type": "Feature", "properties": { "OBJECTID": 179, "NAMRJL": null, "KONRJL": 0, "MATRJL": 0, "FGSRJL": 0, "UTKRJL": 0, "TOLRJL": 0, "WLYRJL": 0, "AUTRJL": 0, "KLSRJL": 0, "SPCRJL": 0, "JPARJL": 0, "ARHRJL": 0, "STARJL": 0, "KLLRJL": null, "MEDRJL": 0, "LOCRJL": 0, "JARRJL": 0, "FCODE": null, "REMARK": "Jalan Lokal", "SRS_ID": null, "LCODE": "CA0080", "METADATA": null, "SHAPE_Leng": 0.0012843502, "Shape_Le_1": 121.62136569899999 }, "geometry": { "type": "MultiLineString", "coordinates": [ [ [ 110.377187231173096, -7.788488685447713, 115.839999999996508 ], [ 110.377208324383304, -7.788477816154824, 115.839999999996508 ], [ 110.377277633795956, -7.788439964621638, 114.720000000001164 ], [ 110.378085773040851, -7.788195892333506, 115.470000000001164 ], [ 110.378239595332161, -7.788170712010013, 115.081999999994878 ] ] ] } },
{ "type": "Feature", "properties": { "OBJECTID": 180, "NAMRJL": null, "KONRJL": 0, "MATRJL": 0, "FGSRJL": 0, "UTKRJL": 0, "TOLRJL": 0, "WLYRJL": 0, "AUTRJL": 0, "KLSRJL": 0, "SPCRJL": 0, "JPARJL": 0, "ARHRJL": 0, "STARJL": 0, "KLLRJL": null, "MEDRJL": 0, "LOCRJL": 0, "JARRJL": 0, "FCODE": null, "REMARK": "Jalan Lokal", "SRS_ID": null, "LCODE": "CA0080", "METADATA": null, "SHAPE_Leng": 0.00095897393, "Shape_Le_1": 105.99078102599999 }, "geometry": { "type": "MultiLineString", "coordinates": [ [ [ 110.374969825228817, -7.788266465610245, 114.660000000003492 ], [ 110.37500031438951, -7.788196189249393, 114.759000000005472 ], [ 110.375000330771925, -7.788196150379514, 114.759099999995669 ], [ 110.375028413773393, -7.788131417842523, 114.850000000005821 ], [ 110.375104713426268, -7.78792438793924, 115.190000000002328 ], [ 110.375244582969643, -7.787530407575543, 115.309999999997672 ], [ 110.375242545428023, -7.787528957353111, 115.309999999997672 ], [ 110.375249726026851, -7.787499290881841, 115.309999999997672 ], [ 110.375270736136287, -7.787360850033455, 114.880000000004657 ] ] ] } },
{ "type": "Feature", "properties": { "OBJECTID": 181, "NAMRJL": null, "KONRJL": 0, "MATRJL": 0, "FGSRJL": 0, "UTKRJL": 0, "TOLRJL": 0, "WLYRJL": 0, "AUTRJL": 0, "KLSRJL": 0, "SPCRJL": 0, "JPARJL": 0, "ARHRJL": 0, "STARJL": 0, "KLLRJL": null, "MEDRJL": 0, "LOCRJL": 0, "JARRJL": 0, "FCODE": null, "REMARK": "Jalan Lokal", "SRS_ID": null, "LCODE": "CA0080", "METADATA": null, "SHAPE_Leng": 0.00023531519, "Shape_Le_1": 2.7324755110800001 }, "geometry": { "type": "MultiLineString", "coordinates": [ [ [ 110.372605458402404, -7.775621003722454, 126.570000000006985 ], [ 110.372615775189956, -7.775598531881874, 126.570000000006985 ] ] ] } },
{ "type": "Feature", "properties": { "OBJECTID": 182, "NAMRJL": null, "KONRJL": 0, "MATRJL": 0, "FGSRJL": 0, "UTKRJL": 0, "TOLRJL": 0, "WLYRJL": 0, "AUTRJL": 0, "KLSRJL": 0, "SPCRJL": 0, "JPARJL": 0, "ARHRJL": 0, "STARJL": 0, "KLLRJL": null, "MEDRJL": 0, "LOCRJL": 0, "JARRJL": 0, "FCODE": null, "REMARK": "Jalan Lokal", "SRS_ID": null, "LCODE": "CA0080", "METADATA": null, "SHAPE_Leng": 0.00177671563, "Shape_Le_1": 196.410783409 }, "geometry": { "type": "MultiLineString", "coordinates": [ [ [ 110.375487925321906, -7.779722153800881, 124.089999999996508 ], [ 110.375487958939075, -7.779717821234089, 124.059999999997672 ], [ 110.375527934558022, -7.779479540936269, 124.119999999995343 ], [ 110.375662795809376, -7.778710948662552, 125.080000000001746 ], [ 110.375811274848814, -7.777975345801567, 126.539999999993597 ] ] ] } },
{ "type": "Feature", "properties": { "OBJECTID": 183, "NAMRJL": null, "KONRJL": 0, "MATRJL": 0, "FGSRJL": 0, "UTKRJL": 0, "TOLRJL": 0, "WLYRJL": 0, "AUTRJL": 0, "KLSRJL": 0, "SPCRJL": 0, "JPARJL": 0, "ARHRJL": 0, "STARJL": 0, "KLLRJL": null, "MEDRJL": 0, "LOCRJL": 0, "JARRJL": 0, "FCODE": null, "REMARK": "Jalan Lokal", "SRS_ID": null, "LCODE": "CA0080", "METADATA": null, "SHAPE_Leng": 0.00070621761, "Shape_Le_1": 78.054712135299994 }, "geometry": { "type": "MultiLineString", "coordinates": [ [ [ 110.371428612174185, -7.784567501828824, 115.5 ], [ 110.37143325110371, -7.784582713549206, 115.5 ], [ 110.371541739810468, -7.784995114674143, 115.75 ], [ 110.371653942628228, -7.785233953587213, 115.75 ] ] ] } },
{ "type": "Feature", "properties": { "OBJECTID": 184, "NAMRJL": null, "KONRJL": 0, "MATRJL": 0, "FGSRJL": 0, "UTKRJL": 0, "TOLRJL": 0, "WLYRJL": 0, "AUTRJL": 0, "KLSRJL": 0, "SPCRJL": 0, "JPARJL": 0, "ARHRJL": 0, "STARJL": 0, "KLLRJL": null, "MEDRJL": 0, "LOCRJL": 0, "JARRJL": 0, "FCODE": null, "REMARK": "Jalan Lokal", "SRS_ID": null, "LCODE": "CA0080", "METADATA": null, "SHAPE_Leng": 0.00037363844, "Shape_Le_1": 41.306231487600002 }, "geometry": { "type": "MultiLineString", "coordinates": [ [ [ 110.384038559573639, -7.785056241884431, 119.320000000006985 ], [ 110.384035134560051, -7.784818666310336, 120.779999999998836 ], [ 110.384004510703946, -7.784686119576771, 119.600000000005821 ] ] ] } },
{ "type": "Feature", "properties": { "OBJECTID": 185, "NAMRJL": null, "KONRJL": 0, "MATRJL": 0, "FGSRJL": 0, "UTKRJL": 0, "TOLRJL": 0, "WLYRJL": 0, "AUTRJL": 0, "KLSRJL": 0, "SPCRJL": 0, "JPARJL": 0, "ARHRJL": 0, "STARJL": 0, "KLLRJL": null, "MEDRJL": 0, "LOCRJL": 0, "JARRJL": 0, "FCODE": null, "REMARK": "Jalan Lokal", "SRS_ID": null, "LCODE": "CA0080", "METADATA": null, "SHAPE_Leng": 0.00218203841, "Shape_Le_1": 240.59715604100001 }, "geometry": { "type": "MultiLineString", "coordinates": [ [ [ 110.386220124267822, -7.785098461751836, 120.190000000002328 ], [ 110.386190204913632, -7.785098309907272, 120.149999999994179 ], [ 110.38577556679833, -7.785091694556524, 119.992499999993015 ], [ 110.384815674232897, -7.785078906350621, 119.7612999999983 ], [ 110.384172751294699, -7.785061275915931, 119.376900000002934 ], [ 110.384038559573639, -7.785056241884431, 119.320000000006985 ] ] ] } },
{ "type": "Feature", "properties": { "OBJECTID": 186, "NAMRJL": null, "KONRJL": 0, "MATRJL": 0, "FGSRJL": 0, "UTKRJL": 0, "TOLRJL": 0, "WLYRJL": 0, "AUTRJL": 0, "KLSRJL": 0, "SPCRJL": 0, "JPARJL": 0, "ARHRJL": 0, "STARJL": 0, "KLLRJL": null, "MEDRJL": 0, "LOCRJL": 0, "JARRJL": 0, "FCODE": null, "REMARK": "Jalan Lokal", "SRS_ID": null, "LCODE": "CA0080", "METADATA": null, "SHAPE_Leng": 0.00123960593, "Shape_Le_1": 137.03511725000001 }, "geometry": { "type": "MultiLineString", "coordinates": [ [ [ 110.371263235418454, -7.784177963825024, 115.559999999997672 ], [ 110.371296397046578, -7.784095232052396, 115.559999999997672 ], [ 110.371396856572474, -7.783571433367183, 115.929999999993015 ], [ 110.371473080609746, -7.782959028904, 116.398700000005192 ] ] ] } },
{ "type": "Feature", "properties": { "OBJECTID": 187, "NAMRJL": null, "KONRJL": 0, "MATRJL": 0, "FGSRJL": 0, "UTKRJL": 0, "TOLRJL": 0, "WLYRJL": 0, "AUTRJL": 0, "KLSRJL": 0, "SPCRJL": 0, "JPARJL": 0, "ARHRJL": 0, "STARJL": 0, "KLLRJL": null, "MEDRJL": 0, "LOCRJL": 0, "JARRJL": 0, "FCODE": null, "REMARK": "Jalan Arteri", "SRS_ID": null, "LCODE": "CA0080", "METADATA": null, "SHAPE_Leng": 0.00217839887, "Shape_Le_1": 240.19671407199999 }, "geometry": { "type": "MultiLineString", "coordinates": [ [ [ 110.384975922413133, -7.783049317595556, 122.330000000001746 ], [ 110.386244642549158, -7.783062751925894, 122.9424 ], [ 110.387154111301143, -7.783078638551878, 123.19999999999709 ] ] ] } },
{ "type": "Feature", "properties": { "OBJECTID": 188, "NAMRJL": null, "KONRJL": 0, "MATRJL": 0, "FGSRJL": 0, "UTKRJL": 0, "TOLRJL": 0, "WLYRJL": 0, "AUTRJL": 0, "KLSRJL": 0, "SPCRJL": 0, "JPARJL": 0, "ARHRJL": 0, "STARJL": 0, "KLLRJL": null, "MEDRJL": 0, "LOCRJL": 0, "JARRJL": 0, "FCODE": null, "REMARK": "Jalan Lokal", "SRS_ID": null, "LCODE": "CA0080", "METADATA": null, "SHAPE_Leng": 0.00011652497, "Shape_Le_1": 12.8825372185 }, "geometry": { "type": "MultiLineString", "coordinates": [ [ [ 110.393621869159972, -7.788690231066402, 113.759999999994761 ], [ 110.39362623936772, -7.788573788196085, 113.759999999994761 ] ] ] } },
{ "type": "Feature", "properties": { "OBJECTID": 189, "NAMRJL": null, "KONRJL": 0, "MATRJL": 0, "FGSRJL": 0, "UTKRJL": 0, "TOLRJL": 0, "WLYRJL": 0, "AUTRJL": 0, "KLSRJL": 0, "SPCRJL": 0, "JPARJL": 0, "ARHRJL": 0, "STARJL": 0, "KLLRJL": null, "MEDRJL": 0, "LOCRJL": 0, "JARRJL": 0, "FCODE": null, "REMARK": "Jalan Lokal", "SRS_ID": null, "LCODE": "CA0080", "METADATA": null, "SHAPE_Leng": 0.00077189513, "Shape_Le_1": 85.337906045300002 }, "geometry": { "type": "MultiLineString", "coordinates": [ [ [ 110.387873559652974, -7.789000602603244, 114.735000000000582 ], [ 110.387875241065444, -7.789035618785666, 114.690000000002328 ], [ 110.387874719174405, -7.789088993429491, 114.690000000002328 ], [ 110.387897634314371, -7.789772070596186, 113.919999999998254 ] ] ] } },
{ "type": "Feature", "properties": { "OBJECTID": 190, "NAMRJL": null, "KONRJL": 0, "MATRJL": 0, "FGSRJL": 0, "UTKRJL": 0, "TOLRJL": 0, "WLYRJL": 0, "AUTRJL": 0, "KLSRJL": 0, "SPCRJL": 0, "JPARJL": 0, "ARHRJL": 0, "STARJL": 0, "KLLRJL": null, "MEDRJL": 0, "LOCRJL": 0, "JARRJL": 0, "FCODE": null, "REMARK": "Jalan Lokal", "SRS_ID": null, "LCODE": "CA0080", "METADATA": null, "SHAPE_Leng": 0.00170631063, "Shape_Le_1": 21.223399485200002 }, "geometry": { "type": "MultiLineString", "coordinates": [ [ [ 110.379715992428572, -7.778497467437822, 124.042700000005425 ], [ 110.379665518049151, -7.778682717640157, 123.869999999995343 ] ] ] } },
{ "type": "Feature", "properties": { "OBJECTID": 191, "NAMRJL": null, "KONRJL": 0, "MATRJL": 0, "FGSRJL": 0, "UTKRJL": 0, "TOLRJL": 0, "WLYRJL": 0, "AUTRJL": 0, "KLSRJL": 0, "SPCRJL": 0, "JPARJL": 0, "ARHRJL": 0, "STARJL": 0, "KLLRJL": null, "MEDRJL": 0, "LOCRJL": 0, "JARRJL": 0, "FCODE": null, "REMARK": "Jalan Lokal", "SRS_ID": null, "LCODE": "CA0080", "METADATA": null, "SHAPE_Leng": 0.00170733672, "Shape_Le_1": 188.739727878 }, "geometry": { "type": "MultiLineString", "coordinates": [ [ [ 110.380566185869156, -7.793427881407221, 107.770000000004075 ], [ 110.380567468574171, -7.793023565940861, 108.389999999999418 ], [ 110.380552690128482, -7.792336069159847, 108.509999999994761 ], [ 110.380595410271027, -7.792050088385198, 109.570000000006985 ], [ 110.380728705772654, -7.791752354676304, 110.130000000004657 ] ] ] } },
{ "type": "Feature", "properties": { "OBJECTID": 192, "NAMRJL": null, "KONRJL": 0, "MATRJL": 0, "FGSRJL": 0, "UTKRJL": 0, "TOLRJL": 0, "WLYRJL": 0, "AUTRJL": 0, "KLSRJL": 0, "SPCRJL": 0, "JPARJL": 0, "ARHRJL": 0, "STARJL": 0, "KLLRJL": null, "MEDRJL": 0, "LOCRJL": 0, "JARRJL": 0, "FCODE": null, "REMARK": "Jalan Lokal", "SRS_ID": null, "LCODE": "CA0080", "METADATA": null, "SHAPE_Leng": 0.00039849905, "Shape_Le_1": 44.056375267100002 }, "geometry": { "type": "MultiLineString", "coordinates": [ [ [ 110.380941788262618, -7.793076041153781, 108.080000000001746 ], [ 110.380942421344798, -7.793126641448198, 108.110000000000582 ], [ 110.380963514642175, -7.793473895865513, 107.679999999993015 ] ] ] } },
{ "type": "Feature", "properties": { "OBJECTID": 193, "NAMRJL": null, "KONRJL": 0, "MATRJL": 0, "FGSRJL": 0, "UTKRJL": 0, "TOLRJL": 0, "WLYRJL": 0, "AUTRJL": 0, "KLSRJL": 0, "SPCRJL": 0, "JPARJL": 0, "ARHRJL": 0, "STARJL": 0, "KLLRJL": null, "MEDRJL": 0, "LOCRJL": 0, "JARRJL": 0, "FCODE": null, "REMARK": "Jalan Lokal", "SRS_ID": null, "LCODE": "CA0080", "METADATA": null, "SHAPE_Leng": 0.00147137755, "Shape_Le_1": 4.4396761196699996 }, "geometry": { "type": "MultiLineString", "coordinates": [ [ [ 110.388550472242244, -7.79332953297692, 109.94090000000142 ], [ 110.388589108088794, -7.793340841800739, 110.057300000000396 ] ] ] } },
{ "type": "Feature", "properties": { "OBJECTID": 194, "NAMRJL": null, "KONRJL": 0, "MATRJL": 0, "FGSRJL": 0, "UTKRJL": 0, "TOLRJL": 0, "WLYRJL": 0, "AUTRJL": 0, "KLSRJL": 0, "SPCRJL": 0, "JPARJL": 0, "ARHRJL": 0, "STARJL": 0, "KLLRJL": null, "MEDRJL": 0, "LOCRJL": 0, "JARRJL": 0, "FCODE": null, "REMARK": "Jalan Lokal", "SRS_ID": null, "LCODE": "CA0080", "METADATA": null, "SHAPE_Leng": 0.00158100256, "Shape_Le_1": 91.804734519600004 }, "geometry": { "type": "MultiLineString", "coordinates": [ [ [ 110.391129057092982, -7.79238509269588, 110.0 ], [ 110.391002743720463, -7.792958373548863, 109.417000000001281 ], [ 110.390955864023923, -7.793171482204046, 109.19999999999709 ], [ 110.390951956210131, -7.793196430339894, 109.10229999999865 ] ] ] } },
{ "type": "Feature", "properties": { "OBJECTID": 195, "NAMRJL": null, "KONRJL": 0, "MATRJL": 0, "FGSRJL": 0, "UTKRJL": 0, "TOLRJL": 0, "WLYRJL": 0, "AUTRJL": 0, "KLSRJL": 0, "SPCRJL": 0, "JPARJL": 0, "ARHRJL": 0, "STARJL": 0, "KLLRJL": null, "MEDRJL": 0, "LOCRJL": 0, "JARRJL": 0, "FCODE": null, "REMARK": "Jalan Lokal", "SRS_ID": null, "LCODE": "CA0080", "METADATA": null, "SHAPE_Leng": 0.00338750928, "Shape_Le_1": 373.617482532 }, "geometry": { "type": "MultiLineString", "coordinates": [ [ [ 110.391218944713813, -7.788371934308061, 114.850000000005821 ], [ 110.391190435673067, -7.788362160784151, 114.850000000005821 ], [ 110.39083837888046, -7.788231857134686, 114.850000000005821 ], [ 110.390545598367353, -7.788114989069907, 114.850000000005821 ], [ 110.389011639958625, -7.787641800240816, 117.080000000001746 ], [ 110.38846595934352, -7.787476617947068, 117.05000000000291 ], [ 110.38803844623061, -7.787347116802158, 116.960000000006403 ], [ 110.388052601378291, -7.787304805952609, 116.710000000006403 ] ] ] } },
{ "type": "Feature", "properties": { "OBJECTID": 196, "NAMRJL": null, "KONRJL": 0, "MATRJL": 0, "FGSRJL": 0, "UTKRJL": 0, "TOLRJL": 0, "WLYRJL": 0, "AUTRJL": 0, "KLSRJL": 0, "SPCRJL": 0, "JPARJL": 0, "ARHRJL": 0, "STARJL": 0, "KLLRJL": null, "MEDRJL": 0, "LOCRJL": 0, "JARRJL": 0, "FCODE": null, "REMARK": "Jalan Lokal", "SRS_ID": null, "LCODE": "CA0080", "METADATA": null, "SHAPE_Leng": 0.00096583608, "Shape_Le_1": 106.76797009400001 }, "geometry": { "type": "MultiLineString", "coordinates": [ [ [ 110.374282707821465, -7.786785525183708, 115.619999999995343 ], [ 110.374283028959965, -7.786758571191228, 115.619999999995343 ], [ 110.374313707438745, -7.786601629308065, 115.869999999995343 ], [ 110.374369771934283, -7.7863216750202, 116.399999999994179 ], [ 110.374401231890261, -7.786139199892139, 116.429999999993015 ], [ 110.374476179584576, -7.785840161086434, 116.929999999993015 ] ] ] } },
{ "type": "Feature", "properties": { "OBJECTID": 197, "NAMRJL": null, "KONRJL": 0, "MATRJL": 0, "FGSRJL": 0, "UTKRJL": 0, "TOLRJL": 0, "WLYRJL": 0, "AUTRJL": 0, "KLSRJL": 0, "SPCRJL": 0, "JPARJL": 0, "ARHRJL": 0, "STARJL": 0, "KLLRJL": null, "MEDRJL": 0, "LOCRJL": 0, "JARRJL": 0, "FCODE": null, "REMARK": "Jalan Lokal", "SRS_ID": null, "LCODE": "CA0080", "METADATA": null, "SHAPE_Leng": 0.00258347207, "Shape_Le_1": 285.32943147200001 }, "geometry": { "type": "MultiLineString", "coordinates": [ [ [ 110.379367173657911, -7.793959490679265, 106.399999999994179 ], [ 110.379407396244702, -7.7927158724469, 108.110000000000582 ], [ 110.379411102855613, -7.792397507423591, 108.139999999999418 ], [ 110.379409755697964, -7.792388504642457, 108.19999999999709 ], [ 110.379372167243616, -7.792348605792181, 108.69999999999709 ], [ 110.379264350575056, -7.792347498114278, 109.660000000003492 ], [ 110.378415965879967, -7.792313257743323, 110.607999999992899 ] ] ] } },
{ "type": "Feature", "properties": { "OBJECTID": 198, "NAMRJL": null, "KONRJL": 0, "MATRJL": 0, "FGSRJL": 0, "UTKRJL": 0, "TOLRJL": 0, "WLYRJL": 0, "AUTRJL": 0, "KLSRJL": 0, "SPCRJL": 0, "JPARJL": 0, "ARHRJL": 0, "STARJL": 0, "KLLRJL": null, "MEDRJL": 0, "LOCRJL": 0, "JARRJL": 0, "FCODE": null, "REMARK": "Jalan Lokal", "SRS_ID": null, "LCODE": "CA0080", "METADATA": null, "SHAPE_Leng": 0.00052766066, "Shape_Le_1": 58.189067401700001 }, "geometry": { "type": "MultiLineString", "coordinates": [ [ [ 110.381781558174367, -7.794218038593153, 107.30000000000291 ], [ 110.382184703042668, -7.794306256909417, 107.919999999998254 ], [ 110.382293582375112, -7.79434320224995, 107.919999999998254 ] ] ] } },
{ "type": "Feature", "properties": { "OBJECTID": 199, "NAMRJL": null, "KONRJL": 0, "MATRJL": 0, "FGSRJL": 0, "UTKRJL": 0, "TOLRJL": 0, "WLYRJL": 0, "AUTRJL": 0, "KLSRJL": 0, "SPCRJL": 0, "JPARJL": 0, "ARHRJL": 0, "STARJL": 0, "KLLRJL": null, "MEDRJL": 0, "LOCRJL": 0, "JARRJL": 0, "FCODE": null, "REMARK": "Jalan Lokal", "SRS_ID": null, "LCODE": "CA0080", "METADATA": null, "SHAPE_Leng": 0.00079112716, "Shape_Le_1": 87.448617048000003 }, "geometry": { "type": "MultiLineString", "coordinates": [ [ [ 110.384186782953179, -7.786936227119969, 115.869999999995343 ], [ 110.384170109383959, -7.78687075227479, 115.889999999999418 ], [ 110.384159054136958, -7.786827101561067, 115.899999999994179 ], [ 110.384082704912473, -7.786705424893641, 116.679999999993015 ], [ 110.384047061414066, -7.786489439411664, 117.860000000000582 ], [ 110.384060753650161, -7.786173755898127, 117.860000000000582 ] ] ] } },
{ "type": "Feature", "properties": { "OBJECTID": 200, "NAMRJL": null, "KONRJL": 0, "MATRJL": 0, "FGSRJL": 0, "UTKRJL": 0, "TOLRJL": 0, "WLYRJL": 0, "AUTRJL": 0, "KLSRJL": 0, "SPCRJL": 0, "JPARJL": 0, "ARHRJL": 0, "STARJL": 0, "KLLRJL": null, "MEDRJL": 0, "LOCRJL": 0, "JARRJL": 0, "FCODE": null, "REMARK": "Jalan Lokal", "SRS_ID": null, "LCODE": "CA0080", "METADATA": null, "SHAPE_Leng": 0.00641806374, "Shape_Le_1": 707.97080795299996 }, "geometry": { "type": "MultiLineString", "coordinates": [ [ [ 110.393508878268577, -7.789437407150097, 111.710000000006403 ], [ 110.393480780857601, -7.789431406189237, 111.649999999994179 ], [ 110.392979226001415, -7.789330205597969, 112.770000000004075 ], [ 110.392559327351492, -7.789257532280711, 113.289999999993597 ], [ 110.392406130204833, -7.789261799104426, 113.360000000000582 ], [ 110.392385742986079, -7.789305322285583, 113.360000000000582 ], [ 110.392383528801702, -7.789318778297289, 113.360000000000582 ], [ 110.392249218910138, -7.789955129223282, 112.80000000000291 ], [ 110.392186286939307, -7.790011326953418, 112.770000000004075 ], [ 110.39208362219054, -7.790029586591995, 112.770000000004075 ], [ 110.391747099145078, -7.789981309194745, 112.770000000004075 ], [ 110.391272775149773, -7.789946012426505, 112.429999999993015 ], [ 110.390915961591617, -7.789899450952535, 112.270000000004075 ], [ 110.389787494888466, -7.789647439993405, 112.210000000006403 ], [ 110.389317002092284, -7.789566097750813, 113.509999999994761 ], [ 110.388903434937689, -7.789536955206574, 113.570000000006985 ], [ 110.387946970256507, -7.7895607296845, 114.059999999997672 ], [ 110.387897634314371, -7.789772070596186, 113.919999999998254 ] ] ] } },
{ "type": "Feature", "properties": { "OBJECTID": 201, "NAMRJL": null, "KONRJL": 0, "MATRJL": 0, "FGSRJL": 0, "UTKRJL": 0, "TOLRJL": 0, "WLYRJL": 0, "AUTRJL": 0, "KLSRJL": 0, "SPCRJL": 0, "JPARJL": 0, "ARHRJL": 0, "STARJL": 0, "KLLRJL": null, "MEDRJL": 0, "LOCRJL": 0, "JARRJL": 0, "FCODE": null, "REMARK": "Jalan Lokal", "SRS_ID": null, "LCODE": "CA0080", "METADATA": null, "SHAPE_Leng": 0.00028018616, "Shape_Le_1": 30.9179166427 }, "geometry": { "type": "MultiLineString", "coordinates": [ [ [ 110.370147481176318, -7.78754327155467, 112.830000000001746 ], [ 110.370259374292132, -7.787631012584587, 112.830000000001746 ], [ 110.370382923575761, -7.787692476746944, 112.80000000000291 ] ] ] } },
{ "type": "Feature", "properties": { "OBJECTID": 202, "NAMRJL": null, "KONRJL": 0, "MATRJL": 0, "FGSRJL": 0, "UTKRJL": 0, "TOLRJL": 0, "WLYRJL": 0, "AUTRJL": 0, "KLSRJL": 0, "SPCRJL": 0, "JPARJL": 0, "ARHRJL": 0, "STARJL": 0, "KLLRJL": null, "MEDRJL": 0, "LOCRJL": 0, "JARRJL": 0, "FCODE": null, "REMARK": "Jalan Lokal", "SRS_ID": null, "LCODE": "CA0080", "METADATA": null, "SHAPE_Leng": 0.00152996243, "Shape_Le_1": 168.72782291499999 }, "geometry": { "type": "MultiLineString", "coordinates": [ [ [ 110.382537690008149, -7.784891898111582, 118.039999999993597 ], [ 110.382568678142988, -7.784849602938293, 118.229999999995925 ], [ 110.382643891860397, -7.784798507907154, 118.729999999995925 ], [ 110.382871903256373, -7.784773178696793, 119.130000000004657 ], [ 110.383193525262627, -7.784761905983545, 119.247199999997974 ], [ 110.383903472690093, -7.784740117020474, 119.529999999998836 ], [ 110.383986420426481, -7.784722003411463, 119.559999999997672 ], [ 110.384004510703946, -7.784686119576771, 119.600000000005821 ] ] ] } },
{ "type": "Feature", "properties": { "OBJECTID": 203, "NAMRJL": null, "KONRJL": 0, "MATRJL": 0, "FGSRJL": 0, "UTKRJL": 0, "TOLRJL": 0, "WLYRJL": 0, "AUTRJL": 0, "KLSRJL": 0, "SPCRJL": 0, "JPARJL": 0, "ARHRJL": 0, "STARJL": 0, "KLLRJL": null, "MEDRJL": 0, "LOCRJL": 0, "JARRJL": 0, "FCODE": null, "REMARK": "Jalan Lokal", "SRS_ID": null, "LCODE": "CA0080", "METADATA": null, "SHAPE_Leng": 0.00122240875, "Shape_Le_1": 135.00386877 }, "geometry": { "type": "MultiLineString", "coordinates": [ [ [ 110.369713994113923, -7.789491623384886, 107.775399999998626 ], [ 110.369599241751814, -7.789362804073606, 108.55000000000291 ], [ 110.369422101178884, -7.789112868305321, 108.55000000000291 ], [ 110.369173543983464, -7.788854052441452, 108.580000000001746 ], [ 110.36903148218785, -7.788690205859257, 108.389999999999418 ], [ 110.368952111055549, -7.788542308649097, 108.30000000000291 ] ] ] } },
{ "type": "Feature", "properties": { "OBJECTID": 204, "NAMRJL": null, "KONRJL": 0, "MATRJL": 0, "FGSRJL": 0, "UTKRJL": 0, "TOLRJL": 0, "WLYRJL": 0, "AUTRJL": 0, "KLSRJL": 0, "SPCRJL": 0, "JPARJL": 0, "ARHRJL": 0, "STARJL": 0, "KLLRJL": null, "MEDRJL": 0, "LOCRJL": 0, "JARRJL": 0, "FCODE": null, "REMARK": "Jalan Lokal", "SRS_ID": null, "LCODE": "CA0080", "METADATA": null, "SHAPE_Leng": 0.00082839456, "Shape_Le_1": 91.342647832400004 }, "geometry": { "type": "MultiLineString", "coordinates": [ [ [ 110.377656412850541, -7.781015066585019, 122.360000000000582 ], [ 110.376829484887665, -7.780965796127337, 122.360000000000582 ] ] ] } },
{ "type": "Feature", "properties": { "OBJECTID": 205, "NAMRJL": null, "KONRJL": 0, "MATRJL": 0, "FGSRJL": 0, "UTKRJL": 0, "TOLRJL": 0, "WLYRJL": 0, "AUTRJL": 0, "KLSRJL": 0, "SPCRJL": 0, "JPARJL": 0, "ARHRJL": 0, "STARJL": 0, "KLLRJL": null, "MEDRJL": 0, "LOCRJL": 0, "JARRJL": 0, "FCODE": null, "REMARK": "Jalan Lokal", "SRS_ID": null, "LCODE": "CA0080", "METADATA": null, "SHAPE_Leng": 2.08e-07, "Shape_Le_1": 0.02300021744 }, "geometry": { "type": "MultiLineString", "coordinates": [ [ [ 110.376309271964416, -7.782994613867938, 119.660900000002584 ], [ 110.376309270749985, -7.782994821904094, 119.660000000003492 ] ] ] } },
{ "type": "Feature", "properties": { "OBJECTID": 206, "NAMRJL": null, "KONRJL": 0, "MATRJL": 0, "FGSRJL": 0, "UTKRJL": 0, "TOLRJL": 0, "WLYRJL": 0, "AUTRJL": 0, "KLSRJL": 0, "SPCRJL": 0, "JPARJL": 0, "ARHRJL": 0, "STARJL": 0, "KLLRJL": null, "MEDRJL": 0, "LOCRJL": 0, "JARRJL": 0, "FCODE": null, "REMARK": "Jalan Lokal", "SRS_ID": null, "LCODE": "CA0080", "METADATA": null, "SHAPE_Leng": 0.00187644693, "Shape_Le_1": 206.92290997000001 }, "geometry": { "type": "MultiLineString", "coordinates": [ [ [ 110.384460972651851, -7.791038423900654, 112.639999999999418 ], [ 110.384242731341118, -7.790985338417671, 112.669999999998254 ], [ 110.384164123979602, -7.79096862455607, 112.679999999993015 ], [ 110.383848280193533, -7.790901485608383, 112.69999999999709 ], [ 110.383677974440033, -7.790870764895149, 113.080000000001746 ], [ 110.382885517292436, -7.790690906917846, 113.05000000000291 ], [ 110.38262577483529, -7.790650214442604, 112.460000000006403 ] ] ] } },
{ "type": "Feature", "properties": { "OBJECTID": 207, "NAMRJL": null, "KONRJL": 0, "MATRJL": 0, "FGSRJL": 0, "UTKRJL": 0, "TOLRJL": 0, "WLYRJL": 0, "AUTRJL": 0, "KLSRJL": 0, "SPCRJL": 0, "JPARJL": 0, "ARHRJL": 0, "STARJL": 0, "KLLRJL": null, "MEDRJL": 0, "LOCRJL": 0, "JARRJL": 0, "FCODE": null, "REMARK": "Jalan Lokal", "SRS_ID": null, "LCODE": "CA0080", "METADATA": null, "SHAPE_Leng": 0.00109377831, "Shape_Le_1": 120.609253463 }, "geometry": { "type": "MultiLineString", "coordinates": [ [ [ 110.380941788262618, -7.793076041153781, 108.080000000001746 ], [ 110.381066955055829, -7.793088851031331, 108.110000000000582 ], [ 110.381672544728474, -7.793203324076649, 108.360000000000582 ], [ 110.381944916328166, -7.793248124069755, 108.860000000000582 ], [ 110.382020479015097, -7.793250857386443, 108.979999999995925 ] ] ] } },
{ "type": "Feature", "properties": { "OBJECTID": 208, "NAMRJL": null, "KONRJL": 0, "MATRJL": 0, "FGSRJL": 0, "UTKRJL": 0, "TOLRJL": 0, "WLYRJL": 0, "AUTRJL": 0, "KLSRJL": 0, "SPCRJL": 0, "JPARJL": 0, "ARHRJL": 0, "STARJL": 0, "KLLRJL": null, "MEDRJL": 0, "LOCRJL": 0, "JARRJL": 0, "FCODE": null, "REMARK": "Jalan Lokal", "SRS_ID": null, "LCODE": "CA0080", "METADATA": null, "SHAPE_Leng": 0.00118361077, "Shape_Le_1": 130.52052139700001 }, "geometry": { "type": "MultiLineString", "coordinates": [ [ [ 110.377306283663799, -7.787727675785474, 115.0 ], [ 110.377324788674272, -7.787749818302026, 115.2103000000061 ], [ 110.377853274236926, -7.787831340046538, 115.990000000005239 ], [ 110.378465390305422, -7.787930015744243, 114.913000000000466 ] ] ] } },
{ "type": "Feature", "properties": { "OBJECTID": 209, "NAMRJL": null, "KONRJL": 0, "MATRJL": 0, "FGSRJL": 0, "UTKRJL": 0, "TOLRJL": 0, "WLYRJL": 0, "AUTRJL": 0, "KLSRJL": 0, "SPCRJL": 0, "JPARJL": 0, "ARHRJL": 0, "STARJL": 0, "KLLRJL": null, "MEDRJL": 0, "LOCRJL": 0, "JARRJL": 0, "FCODE": null, "REMARK": "Jalan Lokal", "SRS_ID": null, "LCODE": "CA0080", "METADATA": null, "SHAPE_Leng": 0.00107760049, "Shape_Le_1": 119.13448062000001 }, "geometry": { "type": "MultiLineString", "coordinates": [ [ [ 110.37690663595049, -7.779890986180876, 123.190000000002328 ], [ 110.376905274078183, -7.779928865186589, 123.190000000002328 ], [ 110.376829484887665, -7.780965796127337, 122.360000000000582 ] ] ] } },
{ "type": "Feature", "properties": { "OBJECTID": 210, "NAMRJL": null, "KONRJL": 0, "MATRJL": 0, "FGSRJL": 0, "UTKRJL": 0, "TOLRJL": 0, "WLYRJL": 0, "AUTRJL": 0, "KLSRJL": 0, "SPCRJL": 0, "JPARJL": 0, "ARHRJL": 0, "STARJL": 0, "KLLRJL": null, "MEDRJL": 0, "LOCRJL": 0, "JARRJL": 0, "FCODE": null, "REMARK": "Jalan Lokal", "SRS_ID": null, "LCODE": "CA0080", "METADATA": null, "SHAPE_Leng": 0.00093786391, "Shape_Le_1": 103.685516615 }, "geometry": { "type": "MultiLineString", "coordinates": [ [ [ 110.387806415549136, -7.788065436679708, 115.987899999992806 ], [ 110.387850047183846, -7.788510312768461, 115.369999999995343 ], [ 110.387873559652974, -7.789000602603244, 114.735000000000582 ] ] ] } },
{ "type": "Feature", "properties": { "OBJECTID": 211, "NAMRJL": null, "KONRJL": 0, "MATRJL": 0, "FGSRJL": 0, "UTKRJL": 0, "TOLRJL": 0, "WLYRJL": 0, "AUTRJL": 0, "KLSRJL": 0, "SPCRJL": 0, "JPARJL": 0, "ARHRJL": 0, "STARJL": 0, "KLLRJL": null, "MEDRJL": 0, "LOCRJL": 0, "JARRJL": 0, "FCODE": null, "REMARK": "Jalan Lokal", "SRS_ID": null, "LCODE": "CA0080", "METADATA": null, "SHAPE_Leng": 0.00163971837, "Shape_Le_1": 82.108374705700001 }, "geometry": { "type": "MultiLineString", "coordinates": [ [ [ 110.38189199155461, -7.780334138538661, 124.125299999999697 ], [ 110.382298654388535, -7.780546681819653, 124.059999999997672 ], [ 110.382525703205104, -7.780607415713916, 123.710000000006403 ], [ 110.382574622447677, -7.780619770196412, 123.740000000005239 ] ] ] } },
{ "type": "Feature", "properties": { "OBJECTID": 212, "NAMRJL": null, "KONRJL": 0, "MATRJL": 0, "FGSRJL": 0, "UTKRJL": 0, "TOLRJL": 0, "WLYRJL": 0, "AUTRJL": 0, "KLSRJL": 0, "SPCRJL": 0, "JPARJL": 0, "ARHRJL": 0, "STARJL": 0, "KLLRJL": null, "MEDRJL": 0, "LOCRJL": 0, "JARRJL": 0, "FCODE": null, "REMARK": "Jalan Lokal", "SRS_ID": null, "LCODE": "CA0080", "METADATA": null, "SHAPE_Leng": 0.00069093679, "Shape_Le_1": 76.387658567800003 }, "geometry": { "type": "MultiLineString", "coordinates": [ [ [ 110.382473597557606, -7.793355790399241, 109.648000000001048 ], [ 110.382477774416785, -7.793328923395008, 109.690000000002328 ], [ 110.382477489418406, -7.793133502862879, 109.690000000002328 ], [ 110.382480696076541, -7.792665186679367, 110.309999999997672 ] ] ] } },
{ "type": "Feature", "properties": { "OBJECTID": 213, "NAMRJL": null, "KONRJL": 0, "MATRJL": 0, "FGSRJL": 0, "UTKRJL": 0, "TOLRJL": 0, "WLYRJL": 0, "AUTRJL": 0, "KLSRJL": 0, "SPCRJL": 0, "JPARJL": 0, "ARHRJL": 0, "STARJL": 0, "KLLRJL": null, "MEDRJL": 0, "LOCRJL": 0, "JARRJL": 0, "FCODE": null, "REMARK": "Jalan Lokal", "SRS_ID": null, "LCODE": "CA0080", "METADATA": null, "SHAPE_Leng": 0.00022835671, "Shape_Le_1": 25.241587455000001 }, "geometry": { "type": "MultiLineString", "coordinates": [ [ [ 110.372253969845403, -7.78678474157866, 114.970000000001164 ], [ 110.372315549601964, -7.787004639100952, 114.970000000001164 ] ] ] } },
{ "type": "Feature", "properties": { "OBJECTID": 214, "NAMRJL": null, "KONRJL": 0, "MATRJL": 0, "FGSRJL": 0, "UTKRJL": 0, "TOLRJL": 0, "WLYRJL": 0, "AUTRJL": 0, "KLSRJL": 0, "SPCRJL": 0, "JPARJL": 0, "ARHRJL": 0, "STARJL": 0, "KLLRJL": null, "MEDRJL": 0, "LOCRJL": 0, "JARRJL": 0, "FCODE": null, "REMARK": "Jalan Lokal", "SRS_ID": null, "LCODE": "CA0080", "METADATA": null, "SHAPE_Leng": 0.00046175681, "Shape_Le_1": 51.0374214323 }, "geometry": { "type": "MultiLineString", "coordinates": [ [ [ 110.381944000931355, -7.793686721226921, 108.729999999995925 ], [ 110.382044005282594, -7.793263156903476, 109.410000000003492 ], [ 110.382020479015097, -7.793250857386443, 108.979999999995925 ] ] ] } },
{ "type": "Feature", "properties": { "OBJECTID": 215, "NAMRJL": null, "KONRJL": 0, "MATRJL": 0, "FGSRJL": 0, "UTKRJL": 0, "TOLRJL": 0, "WLYRJL": 0, "AUTRJL": 0, "KLSRJL": 0, "SPCRJL": 0, "JPARJL": 0, "ARHRJL": 0, "STARJL": 0, "KLLRJL": null, "MEDRJL": 0, "LOCRJL": 0, "JARRJL": 0, "FCODE": null, "REMARK": "Jalan Lokal", "SRS_ID": null, "LCODE": "CA0080", "METADATA": null, "SHAPE_Leng": 0.00025667972, "Shape_Le_1": 28.367741908900001 }, "geometry": { "type": "MultiLineString", "coordinates": [ [ [ 110.378429621638873, -7.778399244046179, 125.740000000005239 ], [ 110.378523077210986, -7.778160182336869, 125.740000000005239 ] ] ] } },
{ "type": "Feature", "properties": { "OBJECTID": 216, "NAMRJL": null, "KONRJL": 0, "MATRJL": 0, "FGSRJL": 0, "UTKRJL": 0, "TOLRJL": 0, "WLYRJL": 0, "AUTRJL": 0, "KLSRJL": 0, "SPCRJL": 0, "JPARJL": 0, "ARHRJL": 0, "STARJL": 0, "KLLRJL": null, "MEDRJL": 0, "LOCRJL": 0, "JARRJL": 0, "FCODE": null, "REMARK": "Jalan Lokal", "SRS_ID": null, "LCODE": "CA0080", "METADATA": null, "SHAPE_Leng": 0.0017856097, "Shape_Le_1": 197.27808785400001 }, "geometry": { "type": "MultiLineString", "coordinates": [ [ [ 110.381855540142894, -7.795625841371234, 106.369999999995343 ], [ 110.38155250670988, -7.795405566113798, 106.0 ], [ 110.381365497787783, -7.79521126589921, 105.630000000004657 ], [ 110.381276498115426, -7.795001786340166, 105.690000000002328 ], [ 110.381145810558223, -7.794573163743585, 106.710000000006403 ], [ 110.381143251971494, -7.794172487830539, 106.809999999997672 ], [ 110.381146653038456, -7.794141603675941, 106.589999999996508 ], [ 110.381152551791089, -7.794108280984636, 106.559999999997672 ] ] ] } },
{ "type": "Feature", "properties": { "OBJECTID": 217, "NAMRJL": null, "KONRJL": 0, "MATRJL": 0, "FGSRJL": 0, "UTKRJL": 0, "TOLRJL": 0, "WLYRJL": 0, "AUTRJL": 0, "KLSRJL": 0, "SPCRJL": 0, "JPARJL": 0, "ARHRJL": 0, "STARJL": 0, "KLLRJL": null, "MEDRJL": 0, "LOCRJL": 0, "JARRJL": 0, "FCODE": null, "REMARK": "Jalan Arteri", "SRS_ID": null, "LCODE": "CA0080", "METADATA": null, "SHAPE_Leng": 0.0002933377, "Shape_Le_1": 32.344386147199998 }, "geometry": { "type": "MultiLineString", "coordinates": [ [ [ 110.376015948571919, -7.782991677002382, 119.695699999996577 ], [ 110.376309271964416, -7.782994613867938, 119.704500000007101 ] ] ] } },
{ "type": "Feature", "properties": { "OBJECTID": 218, "NAMRJL": null, "KONRJL": 0, "MATRJL": 0, "FGSRJL": 0, "UTKRJL": 0, "TOLRJL": 0, "WLYRJL": 0, "AUTRJL": 0, "KLSRJL": 0, "SPCRJL": 0, "JPARJL": 0, "ARHRJL": 0, "STARJL": 0, "KLLRJL": null, "MEDRJL": 0, "LOCRJL": 0, "JARRJL": 0, "FCODE": null, "REMARK": "Jalan Lokal", "SRS_ID": null, "LCODE": "CA0080", "METADATA": null, "SHAPE_Leng": 0.00174033593, "Shape_Le_1": 191.90549577199999 }, "geometry": { "type": "MultiLineString", "coordinates": [ [ [ 110.388949038787914, -7.78628663843985, 117.44999999999709 ], [ 110.388797955129405, -7.786247653191232, 118.419999999998254 ], [ 110.388715004847668, -7.78623674275717, 118.380000000004657 ], [ 110.38765634881851, -7.786102125002808, 118.289999999993597 ], [ 110.387239286940115, -7.786027623695666, 118.419999999998254 ], [ 110.387230022724893, -7.786024445412203, 118.380000000004657 ] ] ] } },
{ "type": "Feature", "properties": { "OBJECTID": 219, "NAMRJL": null, "KONRJL": 0, "MATRJL": 0, "FGSRJL": 0, "UTKRJL": 0, "TOLRJL": 0, "WLYRJL": 0, "AUTRJL": 0, "KLSRJL": 0, "SPCRJL": 0, "JPARJL": 0, "ARHRJL": 0, "STARJL": 0, "KLLRJL": null, "MEDRJL": 0, "LOCRJL": 0, "JARRJL": 0, "FCODE": null, "REMARK": "Jalan Lokal", "SRS_ID": null, "LCODE": "CA0080", "METADATA": null, "SHAPE_Leng": 0.00155952083, "Shape_Le_1": 172.14539902000001 }, "geometry": { "type": "MultiLineString", "coordinates": [ [ [ 110.370147481176318, -7.78754327155467, 112.830000000001746 ], [ 110.370116875770663, -7.787577344261097, 112.669999999998254 ], [ 110.369975710451314, -7.787676060932355, 112.610000000000582 ], [ 110.369768487390488, -7.787838157972817, 112.610000000000582 ], [ 110.369290693431338, -7.788266004923087, 109.630000000004657 ], [ 110.368952111055549, -7.788542308649097, 108.30000000000291 ] ] ] } },
{ "type": "Feature", "properties": { "OBJECTID": 220, "NAMRJL": null, "KONRJL": 0, "MATRJL": 0, "FGSRJL": 0, "UTKRJL": 0, "TOLRJL": 0, "WLYRJL": 0, "AUTRJL": 0, "KLSRJL": 0, "SPCRJL": 0, "JPARJL": 0, "ARHRJL": 0, "STARJL": 0, "KLLRJL": null, "MEDRJL": 0, "LOCRJL": 0, "JARRJL": 0, "FCODE": null, "REMARK": "Jalan Lokal", "SRS_ID": null, "LCODE": "CA0080", "METADATA": null, "SHAPE_Leng": 0.00195770147, "Shape_Le_1": 215.89382279599999 }, "geometry": { "type": "MultiLineString", "coordinates": [ [ [ 110.372988818646206, -7.780071806563215, 122.349000000001979 ], [ 110.37291918127832, -7.780056445445678, 122.281400000007125 ], [ 110.372621396608707, -7.779970311804715, 121.919999999998254 ], [ 110.372366911780446, -7.779918369253632, 121.639999999999418 ], [ 110.372177453679257, -7.779884151705471, 121.361999999993714 ], [ 110.371965138421999, -7.779845811853646, 121.05000000000291 ], [ 110.371576616053702, -7.779742257985256, 121.240000000005239 ], [ 110.371330034694424, -7.779687676315567, 121.389999999999418 ], [ 110.371082621745671, -7.779631284250941, 121.389999999999418 ] ] ] } },
{ "type": "Feature", "properties": { "OBJECTID": 221, "NAMRJL": null, "KONRJL": 0, "MATRJL": 0, "FGSRJL": 0, "UTKRJL": 0, "TOLRJL": 0, "WLYRJL": 0, "AUTRJL": 0, "KLSRJL": 0, "SPCRJL": 0, "JPARJL": 0, "ARHRJL": 0, "STARJL": 0, "KLLRJL": null, "MEDRJL": 0, "LOCRJL": 0, "JARRJL": 0, "FCODE": null, "REMARK": "Jalan Lokal", "SRS_ID": null, "LCODE": "CA0080", "METADATA": null, "SHAPE_Leng": 0.00023501581, "Shape_Le_1": 25.9822651044 }, "geometry": { "type": "MultiLineString", "coordinates": [ [ [ 110.384004510703946, -7.784686119576771, 119.600000000005821 ], [ 110.384018602260355, -7.784451527201506, 119.600000000005821 ] ] ] } },
{ "type": "Feature", "properties": { "OBJECTID": 222, "NAMRJL": null, "KONRJL": 0, "MATRJL": 0, "FGSRJL": 0, "UTKRJL": 0, "TOLRJL": 0, "WLYRJL": 0, "AUTRJL": 0, "KLSRJL": 0, "SPCRJL": 0, "JPARJL": 0, "ARHRJL": 0, "STARJL": 0, "KLLRJL": null, "MEDRJL": 0, "LOCRJL": 0, "JARRJL": 0, "FCODE": null, "REMARK": "Jalan Lokal", "SRS_ID": null, "LCODE": "CA0080", "METADATA": null, "SHAPE_Leng": 0.00061578298, "Shape_Le_1": 67.904084412200007 }, "geometry": { "type": "MultiLineString", "coordinates": [ [ [ 110.377722893181243, -7.779985574879992, 123.070000000006985 ], [ 110.37758160887698, -7.779964293428312, 123.070000000006985 ], [ 110.377275290787011, -7.779913823559752, 123.070000000006985 ], [ 110.377116513320047, -7.779879445168364, 123.346999999994296 ] ] ] } },
{ "type": "Feature", "properties": { "OBJECTID": 223, "NAMRJL": null, "KONRJL": 0, "MATRJL": 0, "FGSRJL": 0, "UTKRJL": 0, "TOLRJL": 0, "WLYRJL": 0, "AUTRJL": 0, "KLSRJL": 0, "SPCRJL": 0, "JPARJL": 0, "ARHRJL": 0, "STARJL": 0, "KLLRJL": null, "MEDRJL": 0, "LOCRJL": 0, "JARRJL": 0, "FCODE": null, "REMARK": "Jalan Lokal", "SRS_ID": null, "LCODE": "CA0080", "METADATA": null, "SHAPE_Leng": 0.00100468166, "Shape_Le_1": 111.064241427 }, "geometry": { "type": "MultiLineString", "coordinates": [ [ [ 110.382293582375112, -7.79434320224995, 107.919999999998254 ], [ 110.382359479153749, -7.794090939120209, 108.509999999994761 ], [ 110.382473597557606, -7.793355790399241, 109.648000000001048 ] ] ] } },
{ "type": "Feature", "properties": { "OBJECTID": 224, "NAMRJL": null, "KONRJL": 0, "MATRJL": 0, "FGSRJL": 0, "UTKRJL": 0, "TOLRJL": 0, "WLYRJL": 0, "AUTRJL": 0, "KLSRJL": 0, "SPCRJL": 0, "JPARJL": 0, "ARHRJL": 0, "STARJL": 0, "KLLRJL": null, "MEDRJL": 0, "LOCRJL": 0, "JARRJL": 0, "FCODE": null, "REMARK": "Jalan Lokal", "SRS_ID": null, "LCODE": "CA0080", "METADATA": null, "SHAPE_Leng": 0.00046547636, "Shape_Le_1": 51.3307509666 }, "geometry": { "type": "MultiLineString", "coordinates": [ [ [ 110.382020479015097, -7.793250857386443, 108.979999999995925 ], [ 110.382157502796588, -7.793273923334398, 109.169999999998254 ], [ 110.382473597557606, -7.793355790399241, 109.648000000001048 ] ] ] } },
{ "type": "Feature", "properties": { "OBJECTID": 225, "NAMRJL": null, "KONRJL": 0, "MATRJL": 0, "FGSRJL": 0, "UTKRJL": 0, "TOLRJL": 0, "WLYRJL": 0, "AUTRJL": 0, "KLSRJL": 0, "SPCRJL": 0, "JPARJL": 0, "ARHRJL": 0, "STARJL": 0, "KLLRJL": null, "MEDRJL": 0, "LOCRJL": 0, "JARRJL": 0, "FCODE": null, "REMARK": "Jalan Lokal", "SRS_ID": null, "LCODE": "CA0080", "METADATA": null, "SHAPE_Leng": 0.00087127806, "Shape_Le_1": 96.077380938900006 }, "geometry": { "type": "MultiLineString", "coordinates": [ [ [ 110.384272039810128, -7.791832321554061, 111.649999999994179 ], [ 110.384216489735479, -7.79183220464995, 111.649999999994179 ], [ 110.384162876953837, -7.791822113767798, 111.649999999994179 ], [ 110.383837954353908, -7.791760966637558, 111.679999999993015 ], [ 110.383491632247569, -7.791678333068162, 111.059999999997672 ], [ 110.383417362284987, -7.79167244516318, 111.029999999998836 ] ] ] } },
{ "type": "Feature", "properties": { "OBJECTID": 226, "NAMRJL": null, "KONRJL": 0, "MATRJL": 0, "FGSRJL": 0, "UTKRJL": 0, "TOLRJL": 0, "WLYRJL": 0, "AUTRJL": 0, "KLSRJL": 0, "SPCRJL": 0, "JPARJL": 0, "ARHRJL": 0, "STARJL": 0, "KLLRJL": null, "MEDRJL": 0, "LOCRJL": 0, "JARRJL": 0, "FCODE": null, "REMARK": "Jalan Lokal", "SRS_ID": null, "LCODE": "CA0080", "METADATA": null, "SHAPE_Leng": 0.00112861776, "Shape_Le_1": 124.66216085799999 }, "geometry": { "type": "MultiLineString", "coordinates": [ [ [ 110.376829484887665, -7.780965796127337, 122.360000000000582 ], [ 110.376799138793359, -7.780996921074478, 122.05000000000291 ], [ 110.376787034767531, -7.781111360365689, 122.05000000000291 ], [ 110.376753876303837, -7.781585276439624, 121.919999999998254 ], [ 110.376688755325745, -7.781723182309483, 121.610000000000582 ], [ 110.376573085771923, -7.781748420126126, 121.270000000004075 ], [ 110.376349028346567, -7.781744237608635, 121.279599999994389 ] ] ] } },
{ "type": "Feature", "properties": { "OBJECTID": 227, "NAMRJL": null, "KONRJL": 0, "MATRJL": 0, "FGSRJL": 0, "UTKRJL": 0, "TOLRJL": 0, "WLYRJL": 0, "AUTRJL": 0, "KLSRJL": 0, "SPCRJL": 0, "JPARJL": 0, "ARHRJL": 0, "STARJL": 0, "KLLRJL": null, "MEDRJL": 0, "LOCRJL": 0, "JARRJL": 0, "FCODE": null, "REMARK": "Jalan Lokal", "SRS_ID": null, "LCODE": "CA0080", "METADATA": null, "SHAPE_Leng": 0.00105330885, "Shape_Le_1": 116.42591954 }, "geometry": { "type": "MultiLineString", "coordinates": [ [ [ 110.38361591062322, -7.793588132016211, 110.5 ], [ 110.383597062350546, -7.793639046795433, 109.720000000001164 ], [ 110.38352433689883, -7.793860438246424, 108.610000000000582 ], [ 110.38332181367474, -7.794599167174004, 107.580000000001746 ] ] ] } },
{ "type": "Feature", "properties": { "OBJECTID": 228, "NAMRJL": null, "KONRJL": 0, "MATRJL": 0, "FGSRJL": 0, "UTKRJL": 0, "TOLRJL": 0, "WLYRJL": 0, "AUTRJL": 0, "KLSRJL": 0, "SPCRJL": 0, "JPARJL": 0, "ARHRJL": 0, "STARJL": 0, "KLLRJL": null, "MEDRJL": 0, "LOCRJL": 0, "JARRJL": 0, "FCODE": null, "REMARK": "Jalan Lokal", "SRS_ID": null, "LCODE": "CA0080", "METADATA": null, "SHAPE_Leng": 0.00271968643, "Shape_Le_1": 299.42926357800002 }, "geometry": { "type": "MultiLineString", "coordinates": [ [ [ 110.38620070643735, -7.7913921249055, 111.610000000000582 ], [ 110.386174995164581, -7.791509457408129, 111.619999999995343 ], [ 110.386102325655912, -7.791780832982554, 111.179999999993015 ], [ 110.38601782492529, -7.792105150686039, 110.619999999995343 ], [ 110.385685810739375, -7.793878430304344, 108.229999999995925 ], [ 110.385649236949888, -7.794042801607149, 107.826400000005378 ] ] ] } },
{ "type": "Feature", "properties": { "OBJECTID": 229, "NAMRJL": null, "KONRJL": 0, "MATRJL": 0, "FGSRJL": 0, "UTKRJL": 0, "TOLRJL": 0, "WLYRJL": 0, "AUTRJL": 0, "KLSRJL": 0, "SPCRJL": 0, "JPARJL": 0, "ARHRJL": 0, "STARJL": 0, "KLLRJL": null, "MEDRJL": 0, "LOCRJL": 0, "JARRJL": 0, "FCODE": null, "REMARK": "Jalan Lokal", "SRS_ID": null, "LCODE": "CA0080", "METADATA": null, "SHAPE_Leng": 0.00085768388, "Shape_Le_1": 0.11159574367 }, "geometry": { "type": "MultiLineString", "coordinates": [ [ [ 110.372605458402404, -7.775621003722454, 126.570000000006985 ], [ 110.37260458853909, -7.77562048776951, 126.562699999994948 ] ] ] } },
{ "type": "Feature", "properties": { "OBJECTID": 230, "NAMRJL": null, "KONRJL": 0, "MATRJL": 0, "FGSRJL": 0, "UTKRJL": 0, "TOLRJL": 0, "WLYRJL": 0, "AUTRJL": 0, "KLSRJL": 0, "SPCRJL": 0, "JPARJL": 0, "ARHRJL": 0, "STARJL": 0, "KLLRJL": null, "MEDRJL": 0, "LOCRJL": 0, "JARRJL": 0, "FCODE": null, "REMARK": "Jalan Lokal", "SRS_ID": null, "LCODE": "CA0080", "METADATA": null, "SHAPE_Leng": 0.00150504126, "Shape_Le_1": 165.96758146 }, "geometry": { "type": "MultiLineString", "coordinates": [ [ [ 110.374610435825517, -7.785085299288287, 117.830000000001746 ], [ 110.374911417890914, -7.785140176587759, 118.44999999999709 ], [ 110.375000298829377, -7.785157729400259, 118.459000000002561 ], [ 110.375755229963389, -7.785306854848479, 118.539999999993597 ], [ 110.376084770583915, -7.785386294713963, 117.520000000004075 ] ] ] } },
{ "type": "Feature", "properties": { "OBJECTID": 231, "NAMRJL": null, "KONRJL": 0, "MATRJL": 0, "FGSRJL": 0, "UTKRJL": 0, "TOLRJL": 0, "WLYRJL": 0, "AUTRJL": 0, "KLSRJL": 0, "SPCRJL": 0, "JPARJL": 0, "ARHRJL": 0, "STARJL": 0, "KLLRJL": null, "MEDRJL": 0, "LOCRJL": 0, "JARRJL": 0, "FCODE": null, "REMARK": "Jalan Lokal", "SRS_ID": null, "LCODE": "CA0080", "METADATA": null, "SHAPE_Leng": 0.00061401302, "Shape_Le_1": 67.881821676000001 }, "geometry": { "type": "MultiLineString", "coordinates": [ [ [ 110.384060753650161, -7.786173755898127, 117.860000000000582 ], [ 110.384051322070704, -7.786154783585766, 117.860000000000582 ], [ 110.384069137893121, -7.785562226190674, 119.320000000006985 ] ] ] } },
{ "type": "Feature", "properties": { "OBJECTID": 232, "NAMRJL": null, "KONRJL": 0, "MATRJL": 0, "FGSRJL": 0, "UTKRJL": 0, "TOLRJL": 0, "WLYRJL": 0, "AUTRJL": 0, "KLSRJL": 0, "SPCRJL": 0, "JPARJL": 0, "ARHRJL": 0, "STARJL": 0, "KLLRJL": null, "MEDRJL": 0, "LOCRJL": 0, "JARRJL": 0, "FCODE": null, "REMARK": "Jalan Arteri", "SRS_ID": null, "LCODE": "CA0080", "METADATA": null, "SHAPE_Leng": 0.00262924337, "Shape_Le_1": 289.909294741 }, "geometry": { "type": "MultiLineString", "coordinates": [ [ [ 110.37232781623085, -7.78297239684492, 116.860000000000582 ], [ 110.372886178302082, -7.782992362136442, 117.889999999999418 ], [ 110.374705083250248, -7.782998303437033, 119.275099999998929 ], [ 110.37491297842746, -7.78298511541113, 119.690000000002328 ], [ 110.374947366416137, -7.782981293864121, 119.690000000002328 ], [ 110.374956062780328, -7.782981369993801, 119.690000000002328 ] ] ] } },
{ "type": "Feature", "properties": { "OBJECTID": 233, "NAMRJL": null, "KONRJL": 0, "MATRJL": 0, "FGSRJL": 0, "UTKRJL": 0, "TOLRJL": 0, "WLYRJL": 0, "AUTRJL": 0, "KLSRJL": 0, "SPCRJL": 0, "JPARJL": 0, "ARHRJL": 0, "STARJL": 0, "KLLRJL": null, "MEDRJL": 0, "LOCRJL": 0, "JARRJL": 0, "FCODE": null, "REMARK": "Jalan Lokal", "SRS_ID": null, "LCODE": "CA0080", "METADATA": null, "SHAPE_Leng": 0.00204238117, "Shape_Le_1": 225.78927004100001 }, "geometry": { "type": "MultiLineString", "coordinates": [ [ [ 110.393266185065102, -7.791463816219562, 110.440000000002328 ], [ 110.393343643728755, -7.79103136983791, 110.717999999993481 ], [ 110.393344328560019, -7.791027526628454, 110.720000000001164 ], [ 110.393368396780161, -7.790903533949925, 110.94199999999546 ], [ 110.393508878268577, -7.789437407150097, 111.710000000006403 ] ] ] } },
{ "type": "Feature", "properties": { "OBJECTID": 234, "NAMRJL": null, "KONRJL": 0, "MATRJL": 0, "FGSRJL": 0, "UTKRJL": 0, "TOLRJL": 0, "WLYRJL": 0, "AUTRJL": 0, "KLSRJL": 0, "SPCRJL": 0, "JPARJL": 0, "ARHRJL": 0, "STARJL": 0, "KLLRJL": null, "MEDRJL": 0, "LOCRJL": 0, "JARRJL": 0, "FCODE": null, "REMARK": "Jalan Lokal", "SRS_ID": null, "LCODE": "CA0080", "METADATA": null, "SHAPE_Leng": 0.00075741502, "Shape_Le_1": 83.731976649000003 }, "geometry": { "type": "MultiLineString", "coordinates": [ [ [ 110.376084770583915, -7.785386294713963, 117.520000000004075 ], [ 110.376002808879662, -7.7858117201787, 116.960000000006403 ], [ 110.375970907444042, -7.786134312882439, 116.770000000004075 ] ] ] } },
{ "type": "Feature", "properties": { "OBJECTID": 235, "NAMRJL": null, "KONRJL": 0, "MATRJL": 0, "FGSRJL": 0, "UTKRJL": 0, "TOLRJL": 0, "WLYRJL": 0, "AUTRJL": 0, "KLSRJL": 0, "SPCRJL": 0, "JPARJL": 0, "ARHRJL": 0, "STARJL": 0, "KLLRJL": null, "MEDRJL": 0, "LOCRJL": 0, "JARRJL": 0, "FCODE": null, "REMARK": "Jalan Lokal", "SRS_ID": null, "LCODE": "CA0080", "METADATA": null, "SHAPE_Leng": 0.0004812106, "Shape_Le_1": 7.8499360060800001 }, "geometry": { "type": "MultiLineString", "coordinates": [ [ [ 110.38045651869875, -7.798202259540651, 103.06600000000617 ], [ 110.380410377706369, -7.798198914066778, 103.08190000000468 ], [ 110.380385510722604, -7.798197111162627, 103.090500000005704 ] ] ] } },
{ "type": "Feature", "properties": { "OBJECTID": 236, "NAMRJL": null, "KONRJL": 0, "MATRJL": 0, "FGSRJL": 0, "UTKRJL": 0, "TOLRJL": 0, "WLYRJL": 0, "AUTRJL": 0, "KLSRJL": 0, "SPCRJL": 0, "JPARJL": 0, "ARHRJL": 0, "STARJL": 0, "KLLRJL": null, "MEDRJL": 0, "LOCRJL": 0, "JARRJL": 0, "FCODE": null, "REMARK": "Jalan Lokal", "SRS_ID": null, "LCODE": "CA0080", "METADATA": null, "SHAPE_Leng": 0.00181870225, "Shape_Le_1": 155.32707388 }, "geometry": { "type": "MultiLineString", "coordinates": [ [ [ 110.375811274848814, -7.777975345801567, 126.539999999993597 ], [ 110.37600222429819, -7.776583361278171, 126.277100000006612 ] ] ] } },
{ "type": "Feature", "properties": { "OBJECTID": 237, "NAMRJL": null, "KONRJL": 0, "MATRJL": 0, "FGSRJL": 0, "UTKRJL": 0, "TOLRJL": 0, "WLYRJL": 0, "AUTRJL": 0, "KLSRJL": 0, "SPCRJL": 0, "JPARJL": 0, "ARHRJL": 0, "STARJL": 0, "KLLRJL": null, "MEDRJL": 0, "LOCRJL": 0, "JARRJL": 0, "FCODE": null, "REMARK": "Jalan Lokal", "SRS_ID": null, "LCODE": "CA0080", "METADATA": null, "SHAPE_Leng": 0.00081826306, "Shape_Le_1": 90.450335847900007 }, "geometry": { "type": "MultiLineString", "coordinates": [ [ [ 110.384460972651851, -7.791038423900654, 112.639999999999418 ], [ 110.384430072242978, -7.791287464024697, 112.770000000004075 ], [ 110.384272039810128, -7.791832321554061, 111.649999999994179 ] ] ] } },
{ "type": "Feature", "properties": { "OBJECTID": 238, "NAMRJL": null, "KONRJL": 0, "MATRJL": 0, "FGSRJL": 0, "UTKRJL": 0, "TOLRJL": 0, "WLYRJL": 0, "AUTRJL": 0, "KLSRJL": 0, "SPCRJL": 0, "JPARJL": 0, "ARHRJL": 0, "STARJL": 0, "KLLRJL": null, "MEDRJL": 0, "LOCRJL": 0, "JARRJL": 0, "FCODE": null, "REMARK": "Jalan Lokal", "SRS_ID": null, "LCODE": "CA0080", "METADATA": null, "SHAPE_Leng": 0.00125112835, "Shape_Le_1": 138.320426239 }, "geometry": { "type": "MultiLineString", "coordinates": [ [ [ 110.376349028346567, -7.781744237608635, 121.279599999994389 ], [ 110.376347717297548, -7.781802911430039, 120.899999999994179 ], [ 110.376310044011888, -7.782766189341271, 120.679999999993015 ], [ 110.376309271964416, -7.782994613867938, 119.660900000002584 ] ] ] } },
{ "type": "Feature", "properties": { "OBJECTID": 239, "NAMRJL": null, "KONRJL": 0, "MATRJL": 0, "FGSRJL": 0, "UTKRJL": 0, "TOLRJL": 0, "WLYRJL": 0, "AUTRJL": 0, "KLSRJL": 0, "SPCRJL": 0, "JPARJL": 0, "ARHRJL": 0, "STARJL": 0, "KLLRJL": null, "MEDRJL": 0, "LOCRJL": 0, "JARRJL": 0, "FCODE": null, "REMARK": "Jalan Lokal", "SRS_ID": null, "LCODE": "CA0080", "METADATA": null, "SHAPE_Leng": 0.00053863114, "Shape_Le_1": 54.493078561799997 }, "geometry": { "type": "MultiLineString", "coordinates": [ [ [ 110.378415965879967, -7.792313257743323, 110.607999999992899 ], [ 110.377922149518696, -7.792293328408351, 111.160399999993388 ] ] ] } },
{ "type": "Feature", "properties": { "OBJECTID": 240, "NAMRJL": null, "KONRJL": 0, "MATRJL": 0, "FGSRJL": 0, "UTKRJL": 0, "TOLRJL": 0, "WLYRJL": 0, "AUTRJL": 0, "KLSRJL": 0, "SPCRJL": 0, "JPARJL": 0, "ARHRJL": 0, "STARJL": 0, "KLLRJL": null, "MEDRJL": 0, "LOCRJL": 0, "JARRJL": 0, "FCODE": null, "REMARK": "Jalan Lokal", "SRS_ID": null, "LCODE": "CA0080", "METADATA": null, "SHAPE_Leng": 0.00285194201, "Shape_Le_1": 278.35235790199999 }, "geometry": { "type": "MultiLineString", "coordinates": [ [ [ 110.389679346453391, -7.784907029661185, 118.729999999995925 ], [ 110.389688070985386, -7.784907114577684, 118.729999999995925 ], [ 110.389903140161493, -7.784938412705241, 118.729999999995925 ], [ 110.390313651229491, -7.785020843573961, 118.729999999995925 ], [ 110.392102891360764, -7.785269305429534, 118.350000000005821 ], [ 110.39217355491833, -7.785288111187761, 118.200299999996787 ] ] ] } },
{ "type": "Feature", "properties": { "OBJECTID": 241, "NAMRJL": null, "KONRJL": 0, "MATRJL": 0, "FGSRJL": 0, "UTKRJL": 0, "TOLRJL": 0, "WLYRJL": 0, "AUTRJL": 0, "KLSRJL": 0, "SPCRJL": 0, "JPARJL": 0, "ARHRJL": 0, "STARJL": 0, "KLLRJL": null, "MEDRJL": 0, "LOCRJL": 0, "JARRJL": 0, "FCODE": null, "REMARK": "Jalan Lokal", "SRS_ID": null, "LCODE": "CA0080", "METADATA": null, "SHAPE_Leng": 0.00101221474, "Shape_Le_1": 111.90164087700001 }, "geometry": { "type": "MultiLineString", "coordinates": [ [ [ 110.378582905940604, -7.781080590656749, 123.259999999994761 ], [ 110.378547285823061, -7.780887171645221, 123.160000000003492 ], [ 110.378622788340238, -7.78031318764244, 123.029999999998836 ], [ 110.37864786631107, -7.780077906184054, 123.029999999998836 ] ] ] } },
{ "type": "Feature", "properties": { "OBJECTID": 242, "NAMRJL": null, "KONRJL": 0, "MATRJL": 0, "FGSRJL": 0, "UTKRJL": 0, "TOLRJL": 0, "WLYRJL": 0, "AUTRJL": 0, "KLSRJL": 0, "SPCRJL": 0, "JPARJL": 0, "ARHRJL": 0, "STARJL": 0, "KLLRJL": null, "MEDRJL": 0, "LOCRJL": 0, "JARRJL": 0, "FCODE": null, "REMARK": "Jalan Lokal", "SRS_ID": null, "LCODE": "CA0080", "METADATA": null, "SHAPE_Leng": 0.00119878747, "Shape_Le_1": 132.19069370299999 }, "geometry": { "type": "MultiLineString", "coordinates": [ [ [ 110.377353607865047, -7.787149978709156, 116.369999999995343 ], [ 110.377642263747845, -7.787169976179956, 116.369999999995343 ], [ 110.378228232443902, -7.787275081029612, 116.179999999993015 ], [ 110.378535302822513, -7.787341253159387, 116.119999999995343 ] ] ] } },
{ "type": "Feature", "properties": { "OBJECTID": 243, "NAMRJL": null, "KONRJL": 0, "MATRJL": 0, "FGSRJL": 0, "UTKRJL": 0, "TOLRJL": 0, "WLYRJL": 0, "AUTRJL": 0, "KLSRJL": 0, "SPCRJL": 0, "JPARJL": 0, "ARHRJL": 0, "STARJL": 0, "KLLRJL": null, "MEDRJL": 0, "LOCRJL": 0, "JARRJL": 0, "FCODE": null, "REMARK": "Jalan Lokal", "SRS_ID": null, "LCODE": "CA0080", "METADATA": null, "SHAPE_Leng": 0.00218542157, "Shape_Le_1": 241.15817374 }, "geometry": { "type": "MultiLineString", "coordinates": [ [ [ 110.371549250370592, -7.78831136470567, 112.815000000002328 ], [ 110.37147858866031, -7.788349584108728, 112.69999999999709 ], [ 110.370854803270092, -7.788742519345391, 111.839999999996508 ], [ 110.370303408629226, -7.789159512578495, 110.660000000003492 ], [ 110.369713994113923, -7.789491623384886, 107.775399999998626 ] ] ] } },
{ "type": "Feature", "properties": { "OBJECTID": 244, "NAMRJL": null, "KONRJL": 0, "MATRJL": 0, "FGSRJL": 0, "UTKRJL": 0, "TOLRJL": 0, "WLYRJL": 0, "AUTRJL": 0, "KLSRJL": 0, "SPCRJL": 0, "JPARJL": 0, "ARHRJL": 0, "STARJL": 0, "KLLRJL": null, "MEDRJL": 0, "LOCRJL": 0, "JARRJL": 0, "FCODE": null, "REMARK": "Jalan Arteri", "SRS_ID": null, "LCODE": "CA0080", "METADATA": null, "SHAPE_Leng": 0.00292420984, "Shape_Le_1": 322.43340732600001 }, "geometry": { "type": "MultiLineString", "coordinates": [ [ [ 110.376309271964416, -7.782994613867938, 119.704500000007101 ], [ 110.376661379362773, -7.783003697150585, 119.914900000003399 ], [ 110.378465996569872, -7.783030938799763, 120.559999999997672 ], [ 110.379203980054285, -7.782993116327701, 120.589999999996508 ], [ 110.379231865152789, -7.782988842606692, 120.679999999993015 ] ] ] } },
{ "type": "Feature", "properties": { "OBJECTID": 245, "NAMRJL": null, "KONRJL": 0, "MATRJL": 0, "FGSRJL": 0, "UTKRJL": 0, "TOLRJL": 0, "WLYRJL": 0, "AUTRJL": 0, "KLSRJL": 0, "SPCRJL": 0, "JPARJL": 0, "ARHRJL": 0, "STARJL": 0, "KLLRJL": null, "MEDRJL": 0, "LOCRJL": 0, "JARRJL": 0, "FCODE": null, "REMARK": "Jalan Lokal", "SRS_ID": null, "LCODE": "CA0080", "METADATA": null, "SHAPE_Leng": 0.00157054245, "Shape_Le_1": 173.32374912899999 }, "geometry": { "type": "MultiLineString", "coordinates": [ [ [ 110.376520944143195, -7.786966513856915, 116.339999999996508 ], [ 110.376493049233147, -7.786983369132931, 116.309999999997672 ], [ 110.376428222595024, -7.787074837610753, 116.309999999997672 ], [ 110.376119103727362, -7.787522650254343, 115.529999999998836 ], [ 110.375997663269402, -7.787560940449946, 115.190000000002328 ], [ 110.375820689583108, -7.787520754752813, 114.880000000004657 ], [ 110.375276898367403, -7.787364160583985, 114.880000000004657 ], [ 110.375270736136287, -7.787360850033455, 114.880000000004657 ] ] ] } },
{ "type": "Feature", "properties": { "OBJECTID": 246, "NAMRJL": null, "KONRJL": 0, "MATRJL": 0, "FGSRJL": 0, "UTKRJL": 0, "TOLRJL": 0, "WLYRJL": 0, "AUTRJL": 0, "KLSRJL": 0, "SPCRJL": 0, "JPARJL": 0, "ARHRJL": 0, "STARJL": 0, "KLLRJL": null, "MEDRJL": 0, "LOCRJL": 0, "JARRJL": 0, "FCODE": null, "REMARK": "Jalan Lokal", "SRS_ID": null, "LCODE": "CA0080", "METADATA": null, "SHAPE_Leng": 0.00244417591, "Shape_Le_1": 270.19982531 }, "geometry": { "type": "MultiLineString", "coordinates": [ [ [ 110.382574622447677, -7.780619770196412, 123.740000000005239 ], [ 110.382603612562349, -7.780653550747665, 123.759999999994761 ], [ 110.382632241718795, -7.780766701869959, 123.720000000001164 ], [ 110.382599869579991, -7.781048573668282, 123.630000000004657 ], [ 110.382496761106822, -7.781656582581761, 122.820000000006985 ], [ 110.382324582697336, -7.78298840040705, 120.629199999995762 ], [ 110.382324233567715, -7.783028026647804, 120.567999999999302 ] ] ] } },
{ "type": "Feature", "properties": { "OBJECTID": 247, "NAMRJL": null, "KONRJL": 0, "MATRJL": 0, "FGSRJL": 0, "UTKRJL": 0, "TOLRJL": 0, "WLYRJL": 0, "AUTRJL": 0, "KLSRJL": 0, "SPCRJL": 0, "JPARJL": 0, "ARHRJL": 0, "STARJL": 0, "KLLRJL": null, "MEDRJL": 0, "LOCRJL": 0, "JARRJL": 0, "FCODE": null, "REMARK": "Jalan Lokal", "SRS_ID": null, "LCODE": "CA0080", "METADATA": null, "SHAPE_Leng": 0.00214260426, "Shape_Le_1": 236.864258651 }, "geometry": { "type": "MultiLineString", "coordinates": [ [ [ 110.379656531425127, -7.779065395131448, 123.869999999995343 ], [ 110.379646852067893, -7.779115907108183, 123.80000000000291 ], [ 110.379566764840817, -7.779533883307596, 123.479999999995925 ], [ 110.379491331751836, -7.779858059186845, 122.679999999993015 ], [ 110.379468316711723, -7.780047611551971, 122.44999999999709 ], [ 110.379401894228053, -7.780485506952398, 121.75 ], [ 110.379349610027234, -7.781003852333449, 121.330000000001746 ], [ 110.379351661030853, -7.781181773114968, 121.360000000000582 ] ] ] } },
{ "type": "Feature", "properties": { "OBJECTID": 248, "NAMRJL": null, "KONRJL": 0, "MATRJL": 0, "FGSRJL": 0, "UTKRJL": 0, "TOLRJL": 0, "WLYRJL": 0, "AUTRJL": 0, "KLSRJL": 0, "SPCRJL": 0, "JPARJL": 0, "ARHRJL": 0, "STARJL": 0, "KLLRJL": null, "MEDRJL": 0, "LOCRJL": 0, "JARRJL": 0, "FCODE": null, "REMARK": "Jalan Lokal", "SRS_ID": null, "LCODE": "CA0080", "METADATA": null, "SHAPE_Leng": 0.00039259286, "Shape_Le_1": 43.3160630279 }, "geometry": { "type": "MultiLineString", "coordinates": [ [ [ 110.377909659136648, -7.77927466616047, 124.029999999998836 ], [ 110.378005926121887, -7.779269877661657, 124.029999999998836 ], [ 110.378160199356358, -7.779302042096972, 124.029999999998836 ], [ 110.378210782984908, -7.779286340594546, 124.100000000005821 ], [ 110.378229887684924, -7.779202846733696, 124.509999999994761 ] ] ] } },
{ "type": "Feature", "properties": { "OBJECTID": 249, "NAMRJL": null, "KONRJL": 0, "MATRJL": 0, "FGSRJL": 0, "UTKRJL": 0, "TOLRJL": 0, "WLYRJL": 0, "AUTRJL": 0, "KLSRJL": 0, "SPCRJL": 0, "JPARJL": 0, "ARHRJL": 0, "STARJL": 0, "KLLRJL": null, "MEDRJL": 0, "LOCRJL": 0, "JARRJL": 0, "FCODE": null, "REMARK": "Jalan Lokal", "SRS_ID": null, "LCODE": "CA0080", "METADATA": null, "SHAPE_Leng": 0.00614479433, "Shape_Le_1": 158.8470885 }, "geometry": { "type": "MultiLineString", "coordinates": [ [ [ 110.394775862271658, -7.79077107203417, 111.339999999996508 ], [ 110.394767251202452, -7.79107086139538, 111.309999999997672 ], [ 110.394844421076101, -7.791577535549657, 111.281000000002678 ], [ 110.394846784073152, -7.791593043223994, 111.279999999998836 ], [ 110.394861537893249, -7.792201576167248, 110.564400000002934 ] ] ] } },
{ "type": "Feature", "properties": { "OBJECTID": 250, "NAMRJL": null, "KONRJL": 0, "MATRJL": 0, "FGSRJL": 0, "UTKRJL": 0, "TOLRJL": 0, "WLYRJL": 0, "AUTRJL": 0, "KLSRJL": 0, "SPCRJL": 0, "JPARJL": 0, "ARHRJL": 0, "STARJL": 0, "KLLRJL": null, "MEDRJL": 0, "LOCRJL": 0, "JARRJL": 0, "FCODE": null, "REMARK": "Jalan Lokal", "SRS_ID": null, "LCODE": "CA0080", "METADATA": null, "SHAPE_Leng": 0.00079660994, "Shape_Le_1": 88.001824373600002 }, "geometry": { "type": "MultiLineString", "coordinates": [ [ [ 110.390106851147621, -7.784238149796603, 119.970000000001164 ], [ 110.390091919140673, -7.78425345080896, 119.970000000001164 ], [ 110.390062875698774, -7.784293596645156, 119.970000000001164 ], [ 110.3897499534323, -7.784748516431418, 119.350000000005821 ], [ 110.389679346453391, -7.784907029661185, 118.729999999995925 ] ] ] } },
{ "type": "Feature", "properties": { "OBJECTID": 251, "NAMRJL": null, "KONRJL": 0, "MATRJL": 0, "FGSRJL": 0, "UTKRJL": 0, "TOLRJL": 0, "WLYRJL": 0, "AUTRJL": 0, "KLSRJL": 0, "SPCRJL": 0, "JPARJL": 0, "ARHRJL": 0, "STARJL": 0, "KLLRJL": null, "MEDRJL": 0, "LOCRJL": 0, "JARRJL": 0, "FCODE": null, "REMARK": "Jalan Lokal", "SRS_ID": null, "LCODE": "CA0080", "METADATA": null, "SHAPE_Leng": 3.264636e-05, "Shape_Le_1": 3.6090620660399999 }, "geometry": { "type": "MultiLineString", "coordinates": [ [ [ 110.387758255423549, -7.787673811857673, 115.990000000005239 ], [ 110.387762561725765, -7.787706172559637, 116.18399999999383 ] ] ] } },
{ "type": "Feature", "properties": { "OBJECTID": 252, "NAMRJL": null, "KONRJL": 0, "MATRJL": 0, "FGSRJL": 0, "UTKRJL": 0, "TOLRJL": 0, "WLYRJL": 0, "AUTRJL": 0, "KLSRJL": 0, "SPCRJL": 0, "JPARJL": 0, "ARHRJL": 0, "STARJL": 0, "KLLRJL": null, "MEDRJL": 0, "LOCRJL": 0, "JARRJL": 0, "FCODE": null, "REMARK": "Jalan Kolektor", "SRS_ID": null, "LCODE": "CA0080", "METADATA": null, "SHAPE_Leng": 0.00240847002, "Shape_Le_1": 0.0447934147 }, "geometry": { "type": "MultiLineString", "coordinates": [ [ [ 110.374327870860938, -7.77609421939234, 127.369099999996251 ], [ 110.374327724289046, -7.776094597262671, 127.369000000006054 ] ] ] } },
{ "type": "Feature", "properties": { "OBJECTID": 253, "NAMRJL": null, "KONRJL": 0, "MATRJL": 0, "FGSRJL": 0, "UTKRJL": 0, "TOLRJL": 0, "WLYRJL": 0, "AUTRJL": 0, "KLSRJL": 0, "SPCRJL": 0, "JPARJL": 0, "ARHRJL": 0, "STARJL": 0, "KLLRJL": null, "MEDRJL": 0, "LOCRJL": 0, "JARRJL": 0, "FCODE": null, "REMARK": "Jalan Lokal", "SRS_ID": null, "LCODE": "CA0080", "METADATA": null, "SHAPE_Leng": 0.00114411261, "Shape_Le_1": 126.238011871 }, "geometry": { "type": "MultiLineString", "coordinates": [ [ [ 110.375270736136287, -7.787360850033455, 114.880000000004657 ], [ 110.375002690104125, -7.787191112166704, 114.970000000001164 ], [ 110.375000345027473, -7.787189721187747, 114.971000000005006 ], [ 110.375000308782475, -7.787189699426021, 114.971000000005006 ], [ 110.374495498981503, -7.786890754445382, 115.160000000003492 ], [ 110.374282707821465, -7.786785525183708, 115.619999999995343 ] ] ] } },
{ "type": "Feature", "properties": { "OBJECTID": 254, "NAMRJL": null, "KONRJL": 0, "MATRJL": 0, "FGSRJL": 0, "UTKRJL": 0, "TOLRJL": 0, "WLYRJL": 0, "AUTRJL": 0, "KLSRJL": 0, "SPCRJL": 0, "JPARJL": 0, "ARHRJL": 0, "STARJL": 0, "KLLRJL": null, "MEDRJL": 0, "LOCRJL": 0, "JARRJL": 0, "FCODE": null, "REMARK": "Jalan Lokal", "SRS_ID": null, "LCODE": "CA0080", "METADATA": null, "SHAPE_Leng": 0.00176429416, "Shape_Le_1": 18.1971690128 }, "geometry": { "type": "MultiLineString", "coordinates": [ [ [ 110.374327724289046, -7.776094597262671, 127.369000000006054 ], [ 110.374267077250337, -7.776077683947981, 126.94999999999709 ], [ 110.374172789416576, -7.776038727812058, 126.831999999994878 ] ] ] } },
{ "type": "Feature", "properties": { "OBJECTID": 255, "NAMRJL": null, "KONRJL": 0, "MATRJL": 0, "FGSRJL": 0, "UTKRJL": 0, "TOLRJL": 0, "WLYRJL": 0, "AUTRJL": 0, "KLSRJL": 0, "SPCRJL": 0, "JPARJL": 0, "ARHRJL": 0, "STARJL": 0, "KLLRJL": null, "MEDRJL": 0, "LOCRJL": 0, "JARRJL": 0, "FCODE": null, "REMARK": "Jalan Lokal", "SRS_ID": null, "LCODE": "CA0080", "METADATA": null, "SHAPE_Leng": 0.00192560812, "Shape_Le_1": 212.723985038 }, "geometry": { "type": "MultiLineString", "coordinates": [ [ [ 110.389679346453391, -7.784907029661185, 118.729999999995925 ], [ 110.389251961780118, -7.784865647915971, 118.820000000006985 ], [ 110.389217738576733, -7.784894009441225, 118.910000000003492 ], [ 110.389142445954349, -7.784975017889512, 118.910000000003492 ], [ 110.389024601427465, -7.785268697856612, 118.600000000005821 ], [ 110.388964462399457, -7.785537659130913, 118.600000000005821 ], [ 110.388949038787914, -7.78628663843985, 117.44999999999709 ] ] ] } },
{ "type": "Feature", "properties": { "OBJECTID": 256, "NAMRJL": null, "KONRJL": 0, "MATRJL": 0, "FGSRJL": 0, "UTKRJL": 0, "TOLRJL": 0, "WLYRJL": 0, "AUTRJL": 0, "KLSRJL": 0, "SPCRJL": 0, "JPARJL": 0, "ARHRJL": 0, "STARJL": 0, "KLLRJL": null, "MEDRJL": 0, "LOCRJL": 0, "JARRJL": 0, "FCODE": null, "REMARK": "Jalan Lokal", "SRS_ID": null, "LCODE": "CA0080", "METADATA": null, "SHAPE_Leng": 0.00291269607, "Shape_Le_1": 224.14391704 }, "geometry": { "type": "MultiLineString", "coordinates": [ [ [ 110.395119676331078, -7.787390617369433, 114.5481 ], [ 110.395077572746089, -7.787479156418395, 114.410000000003492 ], [ 110.394955371758812, -7.787599635385964, 113.789999999993597 ], [ 110.394681555191013, -7.787760166897878, 113.570000000006985 ], [ 110.394434441128794, -7.787868428224169, 113.44999999999709 ], [ 110.393851396422775, -7.788040755438252, 113.080000000001746 ], [ 110.393793939412078, -7.788043196879603, 113.080000000001746 ], [ 110.393694558758213, -7.788054198388739, 113.009999999994761 ], [ 110.393686115615623, -7.788091741794222, 113.05000000000291 ], [ 110.393630574711608, -7.788457620247705, 113.759999999994761 ] ] ] } },
{ "type": "Feature", "properties": { "OBJECTID": 257, "NAMRJL": null, "KONRJL": 0, "MATRJL": 0, "FGSRJL": 0, "UTKRJL": 0, "TOLRJL": 0, "WLYRJL": 0, "AUTRJL": 0, "KLSRJL": 0, "SPCRJL": 0, "JPARJL": 0, "ARHRJL": 0, "STARJL": 0, "KLLRJL": null, "MEDRJL": 0, "LOCRJL": 0, "JARRJL": 0, "FCODE": null, "REMARK": "Jalan Kolektor", "SRS_ID": null, "LCODE": "CA0080", "METADATA": null, "SHAPE_Leng": 0.00091888239, "Shape_Le_1": 101.549613928 }, "geometry": { "type": "MultiLineString", "coordinates": [ [ [ 110.374327724289046, -7.776094597262671, 127.369000000006054 ], [ 110.374265044777758, -7.776249746410662, 127.380000000004657 ], [ 110.374177353197155, -7.776490235630559, 126.69999999999709 ], [ 110.374009702218487, -7.776857283926048, 126.059999999997672 ], [ 110.373977651106628, -7.77694357239705, 125.835000000006403 ] ] ] } },
{ "type": "Feature", "properties": { "OBJECTID": 258, "NAMRJL": null, "KONRJL": 0, "MATRJL": 0, "FGSRJL": 0, "UTKRJL": 0, "TOLRJL": 0, "WLYRJL": 0, "AUTRJL": 0, "KLSRJL": 0, "SPCRJL": 0, "JPARJL": 0, "ARHRJL": 0, "STARJL": 0, "KLLRJL": null, "MEDRJL": 0, "LOCRJL": 0, "JARRJL": 0, "FCODE": null, "REMARK": "Jalan Lokal", "SRS_ID": null, "LCODE": "CA0080", "METADATA": null, "SHAPE_Leng": 0.00082827831, "Shape_Le_1": 91.5575760328 }, "geometry": { "type": "MultiLineString", "coordinates": [ [ [ 110.378229887684924, -7.779202846733696, 124.509999999994761 ], [ 110.378260788878904, -7.779102545301044, 124.610000000000582 ], [ 110.378329580320823, -7.778799417033494, 125.160000000003492 ], [ 110.378429621638873, -7.778399244046179, 125.740000000005239 ] ] ] } },
{ "type": "Feature", "properties": { "OBJECTID": 259, "NAMRJL": null, "KONRJL": 0, "MATRJL": 0, "FGSRJL": 0, "UTKRJL": 0, "TOLRJL": 0, "WLYRJL": 0, "AUTRJL": 0, "KLSRJL": 0, "SPCRJL": 0, "JPARJL": 0, "ARHRJL": 0, "STARJL": 0, "KLLRJL": null, "MEDRJL": 0, "LOCRJL": 0, "JARRJL": 0, "FCODE": null, "REMARK": "Jalan Lokal", "SRS_ID": null, "LCODE": "CA0080", "METADATA": null, "SHAPE_Leng": 0.00094628502, "Shape_Le_1": 104.46884495 }, "geometry": { "type": "MultiLineString", "coordinates": [ [ [ 110.386976893196149, -7.786109112043526, 118.380000000004657 ], [ 110.386952857656851, -7.786072960034272, 118.600000000005821 ], [ 110.386497785870873, -7.785655962965449, 119.529999999998836 ], [ 110.386354354314022, -7.78552546014327, 119.440000000002328 ], [ 110.386285125230373, -7.785465291162994, 119.529999999998836 ] ] ] } },
{ "type": "Feature", "properties": { "OBJECTID": 260, "NAMRJL": null, "KONRJL": 0, "MATRJL": 0, "FGSRJL": 0, "UTKRJL": 0, "TOLRJL": 0, "WLYRJL": 0, "AUTRJL": 0, "KLSRJL": 0, "SPCRJL": 0, "JPARJL": 0, "ARHRJL": 0, "STARJL": 0, "KLLRJL": null, "MEDRJL": 0, "LOCRJL": 0, "JARRJL": 0, "FCODE": null, "REMARK": "Jalan Kolektor", "SRS_ID": null, "LCODE": "CA0080", "METADATA": null, "SHAPE_Leng": 0.0032917443, "Shape_Le_1": 363.83245309799997 }, "geometry": { "type": "MultiLineString", "coordinates": [ [ [ 110.373977651106628, -7.77694357239705, 125.835000000006403 ], [ 110.373862977216788, -7.777252294341841, 125.029999999998836 ], [ 110.37338730538653, -7.778375196017123, 124.350000000005821 ], [ 110.37336784473959, -7.778477937996326, 124.350000000005821 ], [ 110.373275689410789, -7.778884443600949, 123.970000000001164 ], [ 110.372988818646206, -7.780071806563215, 122.349000000001979 ] ] ] } },
{ "type": "Feature", "properties": { "OBJECTID": 261, "NAMRJL": null, "KONRJL": 0, "MATRJL": 0, "FGSRJL": 0, "UTKRJL": 0, "TOLRJL": 0, "WLYRJL": 0, "AUTRJL": 0, "KLSRJL": 0, "SPCRJL": 0, "JPARJL": 0, "ARHRJL": 0, "STARJL": 0, "KLLRJL": null, "MEDRJL": 0, "LOCRJL": 0, "JARRJL": 0, "FCODE": null, "REMARK": "Jalan Lokal", "SRS_ID": null, "LCODE": "CA0080", "METADATA": null, "SHAPE_Leng": 0.00115122475, "Shape_Le_1": 127.26604867499999 }, "geometry": { "type": "MultiLineString", "coordinates": [ [ [ 110.390283963639391, -7.783103174715987, 121.513000000006286 ], [ 110.390286612124754, -7.783121820578765, 121.30000000000291 ], [ 110.390263589240007, -7.783439163737708, 121.179999999993015 ], [ 110.390106851147621, -7.784238149796603, 119.970000000001164 ] ] ] } },
{ "type": "Feature", "properties": { "OBJECTID": 262, "NAMRJL": null, "KONRJL": 0, "MATRJL": 0, "FGSRJL": 0, "UTKRJL": 0, "TOLRJL": 0, "WLYRJL": 0, "AUTRJL": 0, "KLSRJL": 0, "SPCRJL": 0, "JPARJL": 0, "ARHRJL": 0, "STARJL": 0, "KLLRJL": null, "MEDRJL": 0, "LOCRJL": 0, "JARRJL": 0, "FCODE": null, "REMARK": "Jalan Lokal", "SRS_ID": null, "LCODE": "CA0080", "METADATA": null, "SHAPE_Leng": 0.00056377862, "Shape_Le_1": 62.311643932899997 }, "geometry": { "type": "MultiLineString", "coordinates": [ [ [ 110.381781558174367, -7.794218038593153, 107.30000000000291 ], [ 110.381812715416061, -7.794184681294146, 107.889999999999418 ], [ 110.381886157119325, -7.794013555060467, 108.139999999999418 ], [ 110.381944000931355, -7.793686721226921, 108.729999999995925 ] ] ] } },
{ "type": "Feature", "properties": { "OBJECTID": 263, "NAMRJL": null, "KONRJL": 0, "MATRJL": 0, "FGSRJL": 0, "UTKRJL": 0, "TOLRJL": 0, "WLYRJL": 0, "AUTRJL": 0, "KLSRJL": 0, "SPCRJL": 0, "JPARJL": 0, "ARHRJL": 0, "STARJL": 0, "KLLRJL": null, "MEDRJL": 0, "LOCRJL": 0, "JARRJL": 0, "FCODE": null, "REMARK": "Jalan Lokal", "SRS_ID": null, "LCODE": "CA0080", "METADATA": null, "SHAPE_Leng": 0.00122146047, "Shape_Le_1": 134.67998804600001 }, "geometry": { "type": "MultiLineString", "coordinates": [ [ [ 110.380586053673142, -7.793997780814172, 106.990000000005239 ], [ 110.380379316992801, -7.79397802239912, 107.490000000005239 ], [ 110.380344742982317, -7.793972671380755, 107.770000000004075 ], [ 110.379973062892233, -7.793944747931298, 107.770000000004075 ], [ 110.379625027801609, -7.793953220204962, 106.679999999993015 ], [ 110.379367173657911, -7.793959490679265, 106.399999999994179 ] ] ] } },
{ "type": "Feature", "properties": { "OBJECTID": 264, "NAMRJL": null, "KONRJL": 0, "MATRJL": 0, "FGSRJL": 0, "UTKRJL": 0, "TOLRJL": 0, "WLYRJL": 0, "AUTRJL": 0, "KLSRJL": 0, "SPCRJL": 0, "JPARJL": 0, "ARHRJL": 0, "STARJL": 0, "KLLRJL": null, "MEDRJL": 0, "LOCRJL": 0, "JARRJL": 0, "FCODE": null, "REMARK": "Jalan Lokal", "SRS_ID": null, "LCODE": "CA0080", "METADATA": null, "SHAPE_Leng": 0.00238075688, "Shape_Le_1": 262.52771598599998 }, "geometry": { "type": "MultiLineString", "coordinates": [ [ [ 110.381318002126633, -7.790367121246564, 111.619999999995343 ], [ 110.381004818193873, -7.790292810435057, 112.080000000001746 ], [ 110.380954345619344, -7.790275251569495, 113.255000000004657 ], [ 110.380550607290559, -7.79021722597466, 113.255000000004657 ], [ 110.380528974877564, -7.790212364255968, 113.330000000001746 ], [ 110.380485667940391, -7.79020661156669, 113.289999999993597 ], [ 110.379739669232009, -7.790056203437054, 112.610000000000582 ], [ 110.379630792372438, -7.79003698599475, 112.880000000004657 ], [ 110.379515949429475, -7.790016710555812, 113.169999999998254 ], [ 110.379360802353233, -7.789990153019407, 113.169999999998254 ], [ 110.379158293917186, -7.789970490803956, 113.169999999998254 ], [ 110.378975961443189, -7.789959930321414, 113.169999999998254 ] ] ] } },
{ "type": "Feature", "properties": { "OBJECTID": 265, "NAMRJL": null, "KONRJL": 0, "MATRJL": 0, "FGSRJL": 0, "UTKRJL": 0, "TOLRJL": 0, "WLYRJL": 0, "AUTRJL": 0, "KLSRJL": 0, "SPCRJL": 0, "JPARJL": 0, "ARHRJL": 0, "STARJL": 0, "KLLRJL": null, "MEDRJL": 0, "LOCRJL": 0, "JARRJL": 0, "FCODE": null, "REMARK": "Jalan Lokal", "SRS_ID": null, "LCODE": "CA0080", "METADATA": null, "SHAPE_Leng": 0.00030511705, "Shape_Le_1": 33.720611398199999 }, "geometry": { "type": "MultiLineString", "coordinates": [ [ [ 110.378535302822513, -7.787341253159387, 116.119999999995343 ], [ 110.378565274410505, -7.787325115353887, 116.089999999996508 ], [ 110.378629709015556, -7.787061806562396, 116.649999999994179 ] ] ] } },
{ "type": "Feature", "properties": { "OBJECTID": 266, "NAMRJL": null, "KONRJL": 0, "MATRJL": 0, "FGSRJL": 0, "UTKRJL": 0, "TOLRJL": 0, "WLYRJL": 0, "AUTRJL": 0, "KLSRJL": 0, "SPCRJL": 0, "JPARJL": 0, "ARHRJL": 0, "STARJL": 0, "KLLRJL": null, "MEDRJL": 0, "LOCRJL": 0, "JARRJL": 0, "FCODE": null, "REMARK": "Jalan Lokal", "SRS_ID": null, "LCODE": "CA0080", "METADATA": null, "SHAPE_Leng": 0.00128207643, "Shape_Le_1": 141.59716727599999 }, "geometry": { "type": "MultiLineString", "coordinates": [ [ [ 110.378229887684924, -7.779202846733696, 124.509999999994761 ], [ 110.378258723783119, -7.779223891777113, 124.509999999994761 ], [ 110.378371771098685, -7.779272892046693, 124.580000000001746 ], [ 110.378567016371051, -7.779312858981291, 124.419999999998254 ], [ 110.378729183433947, -7.779324710357925, 123.770000000004075 ], [ 110.378729767094029, -7.779346546164581, 123.770000000004075 ], [ 110.378708791973139, -7.779838272223263, 123.839999999996508 ], [ 110.37864786631107, -7.780077906184054, 123.029999999998836 ] ] ] } },
{ "type": "Feature", "properties": { "OBJECTID": 267, "NAMRJL": null, "KONRJL": 0, "MATRJL": 0, "FGSRJL": 0, "UTKRJL": 0, "TOLRJL": 0, "WLYRJL": 0, "AUTRJL": 0, "KLSRJL": 0, "SPCRJL": 0, "JPARJL": 0, "ARHRJL": 0, "STARJL": 0, "KLLRJL": null, "MEDRJL": 0, "LOCRJL": 0, "JARRJL": 0, "FCODE": null, "REMARK": "Jalan Lokal", "SRS_ID": null, "LCODE": "CA0080", "METADATA": null, "SHAPE_Leng": 0.00209190516, "Shape_Le_1": 84.069577978799998 }, "geometry": { "type": "MultiLineString", "coordinates": [ [ [ 110.38361591062322, -7.793588132016211, 110.5 ], [ 110.383850544334848, -7.793689019067318, 109.570000000006985 ], [ 110.384160017936239, -7.793778518431266, 109.330000000001746 ], [ 110.384337439736228, -7.793829833398711, 109.186499999996158 ] ] ] } },
{ "type": "Feature", "properties": { "OBJECTID": 268, "NAMRJL": null, "KONRJL": 0, "MATRJL": 0, "FGSRJL": 0, "UTKRJL": 0, "TOLRJL": 0, "WLYRJL": 0, "AUTRJL": 0, "KLSRJL": 0, "SPCRJL": 0, "JPARJL": 0, "ARHRJL": 0, "STARJL": 0, "KLLRJL": null, "MEDRJL": 0, "LOCRJL": 0, "JARRJL": 0, "FCODE": null, "REMARK": "Jalan Lokal", "SRS_ID": null, "LCODE": "CA0080", "METADATA": null, "SHAPE_Leng": 0.00105999139, "Shape_Le_1": 116.877980777 }, "geometry": { "type": "MultiLineString", "coordinates": [ [ [ 110.383002675374385, -7.786135702423107, 116.907000000006519 ], [ 110.383082592211778, -7.786149377360955, 116.679999999993015 ], [ 110.383619515117516, -7.786148032568524, 117.69999999999709 ], [ 110.384060753650161, -7.786173755898127, 117.860000000000582 ] ] ] } },
{ "type": "Feature", "properties": { "OBJECTID": 269, "NAMRJL": null, "KONRJL": 0, "MATRJL": 0, "FGSRJL": 0, "UTKRJL": 0, "TOLRJL": 0, "WLYRJL": 0, "AUTRJL": 0, "KLSRJL": 0, "SPCRJL": 0, "JPARJL": 0, "ARHRJL": 0, "STARJL": 0, "KLLRJL": null, "MEDRJL": 0, "LOCRJL": 0, "JARRJL": 0, "FCODE": null, "REMARK": "Jalan Lokal", "SRS_ID": null, "LCODE": "CA0080", "METADATA": null, "SHAPE_Leng": 0.00283324165, "Shape_Le_1": 303.79074396599998 }, "geometry": { "type": "MultiLineString", "coordinates": [ [ [ 110.389128496727935, -7.780383435844088, 127.660000000003492 ], [ 110.389075726990825, -7.780556203647012, 125.929999999993015 ], [ 110.389003453779921, -7.78080736480426, 125.929999999993015 ], [ 110.388961598369619, -7.781190221897301, 125.929999999993015 ], [ 110.388944049690053, -7.781778854947913, 125.309999999997672 ], [ 110.388983878394939, -7.781950263618247, 124.5 ], [ 110.389058476357079, -7.781979098441988, 124.5 ], [ 110.389237043450152, -7.781971287272402, 124.5 ], [ 110.389554128576719, -7.781933907767976, 124.529999999998836 ], [ 110.38981352416593, -7.781923616687661, 124.5 ], [ 110.390134275650453, -7.781903371723205, 123.878899999996065 ] ] ] } },
{ "type": "Feature", "properties": { "OBJECTID": 270, "NAMRJL": null, "KONRJL": 0, "MATRJL": 0, "FGSRJL": 0, "UTKRJL": 0, "TOLRJL": 0, "WLYRJL": 0, "AUTRJL": 0, "KLSRJL": 0, "SPCRJL": 0, "JPARJL": 0, "ARHRJL": 0, "STARJL": 0, "KLLRJL": null, "MEDRJL": 0, "LOCRJL": 0, "JARRJL": 0, "FCODE": null, "REMARK": "Jalan Lokal", "SRS_ID": null, "LCODE": "CA0080", "METADATA": null, "SHAPE_Leng": 0.00078356739, "Shape_Le_1": 86.407402816300007 }, "geometry": { "type": "MultiLineString", "coordinates": [ [ [ 110.379351661030853, -7.781181773114968, 121.360000000000582 ], [ 110.379247681207616, -7.781195161569371, 122.740000000005239 ], [ 110.378957218787718, -7.781172856343541, 123.164099999994505 ], [ 110.378658691187439, -7.781115434951011, 123.44999999999709 ], [ 110.378582905940604, -7.781080590656749, 123.259999999994761 ] ] ] } },
{ "type": "Feature", "properties": { "OBJECTID": 271, "NAMRJL": null, "KONRJL": 0, "MATRJL": 0, "FGSRJL": 0, "UTKRJL": 0, "TOLRJL": 0, "WLYRJL": 0, "AUTRJL": 0, "KLSRJL": 0, "SPCRJL": 0, "JPARJL": 0, "ARHRJL": 0, "STARJL": 0, "KLLRJL": null, "MEDRJL": 0, "LOCRJL": 0, "JARRJL": 0, "FCODE": null, "REMARK": "Jalan Lokal", "SRS_ID": null, "LCODE": "CA0080", "METADATA": null, "SHAPE_Leng": 0.00045610196, "Shape_Le_1": 50.423991075700002 }, "geometry": { "type": "MultiLineString", "coordinates": [ [ [ 110.382011015370509, -7.792641463913501, 110.100000000005821 ], [ 110.382000640650432, -7.792498725622061, 110.160000000003492 ], [ 110.381969227314755, -7.792187319175575, 110.470000000001164 ] ] ] } },
{ "type": "Feature", "properties": { "OBJECTID": 272, "NAMRJL": null, "KONRJL": 0, "MATRJL": 0, "FGSRJL": 0, "UTKRJL": 0, "TOLRJL": 0, "WLYRJL": 0, "AUTRJL": 0, "KLSRJL": 0, "SPCRJL": 0, "JPARJL": 0, "ARHRJL": 0, "STARJL": 0, "KLLRJL": null, "MEDRJL": 0, "LOCRJL": 0, "JARRJL": 0, "FCODE": null, "REMARK": "Jalan Lokal", "SRS_ID": null, "LCODE": "CA0080", "METADATA": null, "SHAPE_Leng": 0.00237807004, "Shape_Le_1": 262.313551265 }, "geometry": { "type": "MultiLineString", "coordinates": [ [ [ 110.37190651717107, -7.785961755243208, 114.69199999999546 ], [ 110.371904884434699, -7.785961933727182, 114.733300000007148 ], [ 110.37123149003321, -7.786217672392526, 113.570000000006985 ], [ 110.370320341955974, -7.786601986004908, 113.009999999994761 ], [ 110.370037693363287, -7.78674438944538, 112.889999999999418 ], [ 110.36970818956398, -7.786864551644793, 113.05000000000291 ] ] ] } },
{ "type": "Feature", "properties": { "OBJECTID": 273, "NAMRJL": null, "KONRJL": 0, "MATRJL": 0, "FGSRJL": 0, "UTKRJL": 0, "TOLRJL": 0, "WLYRJL": 0, "AUTRJL": 0, "KLSRJL": 0, "SPCRJL": 0, "JPARJL": 0, "ARHRJL": 0, "STARJL": 0, "KLLRJL": null, "MEDRJL": 0, "LOCRJL": 0, "JARRJL": 0, "FCODE": null, "REMARK": "Jalan Lokal", "SRS_ID": null, "LCODE": "CA0080", "METADATA": null, "SHAPE_Leng": 0.00106999212, "Shape_Le_1": 118.138177449 }, "geometry": { "type": "MultiLineString", "coordinates": [ [ [ 110.375628346681239, -7.784739810015036, 118.660000000003492 ], [ 110.375712263859839, -7.784795434443402, 118.44999999999709 ], [ 110.375875008352807, -7.784822266644929, 118.44999999999709 ], [ 110.376168748811722, -7.784892373432492, 118.169999999998254 ], [ 110.37616761501269, -7.784984460201381, 117.979999999995925 ], [ 110.376110892039364, -7.785256825021177, 117.639999999999418 ], [ 110.376084770583915, -7.785386294713963, 117.520000000004075 ] ] ] } }
]
}
